time_utc,VCU_ChrgSysOperCmd,IBS_BatteryDefect,IBS_Sulfation,IBS_EngineStart,IBS_PowerOn,IBS_LowVoltage,IBS_WakeupStatus,IBS_SOCUpperTolerance,IBS_SOCLowerTolerance,IBS_CapacityLossTop,IBS_CapacityLossBottom,IBS_BatteryCurrent,IBS_BatteryVoltage,IBS_BatteryTemperature,IBS_Error,IBS_CurrentAutorange,IBS_StateOfCharge,IBS_StateOfHealth,IBS_EstVoltaDrop,IBS_OptChargeVolt,IBS_AvgRi,IBS_AvailableCapacity,IBS_DischargeableAh,IBS_NominalCapacity,IBS_Recalibrated
2025-06-29 10:07:06+00:00,0,0,0,0,0,0,0,21,2,0,0,-6.483,12.726,25.5,0,2,87,100,0,14,0,50,43.7,50,1
2025-06-29 10:07:07+00:00,0,0,0,0,0,0,0,21,2,0,0,-10.496,12.635,25.5,0,2,87,100,0,14,0,50,43.7,50,1
2025-06-29 10:07:08+00:00,0,0,0,0,0,0,0,21,2,0,0,3.154,12.887,25.5,0,2,87,100,0,14,0,50,43.6,50,1
2025-06-29 10:07:09+00:00,0,0,0,0,0,0,0,21,2,0,0,14.702,14.048,25.5,0,2,87,100,0,14,0,50,43.6,50,1
2025-06-29 10:07:10+00:00,0,0,0,0,0,0,0,21,2,0,0,11.886,14.059,25.5,0,2,87,100,0,14,0,50,43.6,50,1
2025-06-29 10:07:11+00:00,0,0,0,0,0,0,0,21,2,0,0,11.428,14.071,25.5,0,2,87,100,0,14,0,50,43.6,50,1
2025-06-29 10:07:12+00:00,0,0,0,0,0,0,0,21,2,0,0,11.335,14.07,25.5,0,2,87,100,0,14,0,50,43.6,50,1
2025-06-29 10:07:13+00:00,0,0,0,0,0,0,0,21,2,0,0,11.312,14.069,25.5,0,2,87,100,0,14,0,50,43.6,50,1
2025-06-29 10:07:14+00:00,0,0,0,0,0,0,0,21,2,0,0,11.276,14.069,25.5,0,2,87,100,0,14,0,50,43.6,50,1
2025-06-29 10:07:15+00:00,0,0,0,0,0,0,0,21,2,0,0,11.243,14.07,25.5,0,2,87,100,0,14,0,50,43.6,50,1
2025-06-29 10:07:16+00:00,0,0,0,0,0,0,0,21,2,0,0,11.184,14.072,25.5,0,2,87,100,0,14,0,50,43.6,50,1
2025-06-29 10:07:17+00:00,0,0,0,0,0,0,0,21,2,0,0,11.119,14.072,25.5,0,2,87,100,0,14,0,50,43.6,50,1
2025-06-29 10:07:18+00:00,0,0,0,0,0,0,0,21,2,0,0,11.025,14.071,25.5,0,2,87,100,0,14,0,50,43.6,50,1
2025-06-29 10:07:19+00:00,0,0,0,0,0,0,0,21,2,0,0,10.96,14.073,25.5,0,2,87,100,0,14,0,50,43.6,50,1
2025-06-29 10:07:20+00:00,0,0,0,0,0,0,0,21,2,0,0,10.868,14.072,25.5,0,2,87,100,0,14,0,50,43.6,50,1
2025-06-29 10:07:21+00:00,0,0,0,0,0,0,0,21,2,0,0,10.787,14.072,25.5,0,2,87,100,0,14,0,50,43.6,50,1
2025-06-29 10:07:22+00:00,0,0,0,0,0,0,0,21,2,0,0,10.667,14.071,25.5,0,2,87,100,0,14,0,50,43.6,50,1
2025-06-29 10:07:23+00:00,0,0,0,0,0,0,0,21,2,0,0,10.564,14.075,25.5,0,2,87,100,0,14,0,50,43.6,50,1
2025-06-29 10:07:24+00:00,0,0,0,0,0,0,0,21,2,0,0,10.455,14.074,25.5,0,2,87,100,0,14,0,50,43.6,50,1
2025-06-29 10:07:25+00:00,0,0,0,0,0,0,0,21,2,0,0,10.356,14.073,25.5,0,2,87,100,0,14,0,50,43.6,50,1
2025-06-29 10:07:26+00:00,0,0,0,0,0,0,0,21,2,0,0,10.225,14.073,25.5,0,2,87,100,0,14,0,50,43.6,50,1
2025-06-29 10:07:27+00:00,0,0,0,0,0,0,0,21,2,0,0,10.106,14.073,25.5,0,2,87,100,0,14,0,50,43.6,50,1
2025-06-29 10:07:28+00:00,0,0,0,0,0,0,0,21,2,0,0,10.008,14.076,25.5,0,2,87,100,0,14,0,50,43.6,50,1
2025-06-29 10:07:29+00:00,0,0,0,0,0,0,0,21,2,0,0,9.866,14.076,25.5,0,2,87,100,0,14,0,50,43.6,50,1
2025-06-29 10:07:30+00:00,0,0,0,0,0,0,0,21,2,0,0,9.793,14.076,25.5,0,2,87,100,0,14,0,50,43.6,50,1
2025-06-29 10:07:31+00:00,0,0,0,0,0,0,0,21,2,0,0,9.646,14.076,25.5,0,2,87,100,0,14,0,50,43.6,50,1
2025-06-29 10:07:32+00:00,0,0,0,0,0,0,0,21,2,0,0,9.524,14.075,25.5,0,2,87,100,0,14,0,50,43.6,50,1
2025-06-29 10:07:33+00:00,0,0,0,0,0,0,0,21,2,0,0,9.446,14.078,25.5,0,2,87,100,0,14,0,50,43.6,50,1
2025-06-29 10:07:34+00:00,0,0,0,0,0,0,0,21,2,0,0,9.323,14.076,25.5,0,2,87,100,0,14,0,50,43.6,50,1
2025-06-29 10:07:35+00:00,0,0,0,0,0,0,0,21,2,0,0,9.213,14.079,25.5,0,2,87,100,0,14,0,50,43.6,50,1
2025-06-29 10:07:36+00:00,0,0,0,0,0,0,0,21,2,0,0,9.105,14.078,25.5,0,2,87,100,0,14,0,50,43.6,50,1
2025-06-29 10:07:37+00:00,0,0,0,0,0,0,0,21,2,0,0,8.998,14.078,25.5,0,2,87,100,0,14,0,50,43.6,50,1
2025-06-29 10:07:38+00:00,0,0,0,0,0,0,0,21,2,0,0,8.93,14.08,25.5,0,2,87,100,0,14,0,50,43.6,50,1
2025-06-29 10:07:39+00:00,0,0,0,0,0,0,0,21,2,0,0,8.792,14.079,25.5,0,2,87,100,0,14,0,50,43.6,50,1
2025-06-29 10:07:40+00:00,0,0,0,0,0,0,0,21,2,0,0,8.7,14.078,25.5,0,2,87,100,0,14,0,50,43.6,50,1
2025-06-29 10:07:41+00:00,0,0,0,0,0,0,0,21,2,0,0,8.648,14.081,25.5,0,2,87,100,0,14,0,50,43.6,50,1
2025-06-29 10:07:42+00:00,0,0,0,0,0,0,0,21,2,0,0,8.524,14.081,25.5,0,2,87,100,0,14,0,50,43.6,50,1
2025-06-29 10:07:43+00:00,0,0,0,0,0,0,0,21,2,0,0,8.434,14.08,25.5,0,2,87,100,0,14,0,50,43.6,50,1
2025-06-29 10:07:44+00:00,0,0,0,0,0,0,0,21,2,0,0,8.346,14.084,25.5,0,2,87,100,0,14,0,50,43.7,50,1
2025-06-29 10:07:45+00:00,0,0,0,0,0,0,0,21,2,0,0,8.252,14.082,25.5,0,2,87,100,0,14,0,50,43.7,50,1
2025-06-29 10:07:46+00:00,0,0,0,0,0,0,0,21,2,0,0,8.159,14.084,25.5,0,2,87,100,0,14,0,50,43.7,50,1
2025-06-29 10:07:47+00:00,0,0,0,0,0,0,0,21,2,0,0,8.059,14.081,25.5,0,2,87,100,0,14,0,50,43.7,50,1
2025-06-29 10:07:48+00:00,0,0,0,0,0,0,0,21,2,0,0,7.973,14.081,25.5,0,2,87,100,0,14,0,50,43.7,50,1
2025-06-29 10:07:49+00:00,0,0,0,0,0,0,0,21,2,0,0,7.923,14.085,25.5,0,2,87,100,0,14,0,50,43.7,50,1
2025-06-29 10:07:50+00:00,0,0,0,0,0,0,0,21,2,0,0,7.824,14.082,25.5,0,2,87,100,0,14,0,50,43.7,50,1
2025-06-29 10:07:51+00:00,0,0,0,0,0,0,0,21,2,0,0,7.747,14.085,25.5,0,2,87,100,0,14,0,50,43.7,50,1
2025-06-29 10:07:52+00:00,0,0,0,0,0,0,0,21,2,0,0,7.679,14.087,25.5,0,2,87,100,0,14,0,50,43.7,50,1
2025-06-29 10:07:53+00:00,0,0,0,0,0,0,0,21,2,0,0,7.567,14.084,25.5,0,2,87,100,0,14,0,50,43.7,50,1
2025-06-29 10:07:54+00:00,0,0,0,0,0,0,0,21,2,0,0,7.502,14.086,25.5,0,2,87,100,0,14,0,50,43.7,50,1
2025-06-29 10:07:55+00:00,0,0,0,0,0,0,0,21,2,0,0,7.473,14.09,25.5,0,2,87,100,0,14,0,50,43.7,50,1
2025-06-29 10:07:56+00:00,0,0,0,0,0,0,0,21,2,0,0,7.361,14.088,25.5,0,2,87,100,0,14,0,50,43.7,50,1
2025-06-29 10:07:57+00:00,0,0,0,0,0,0,0,21,2,0,0,7.291,14.087,25.5,0,2,87,100,0,14,0,50,43.7,50,1
2025-06-29 10:07:58+00:00,0,0,0,0,0,0,0,21,2,0,0,7.241,14.09,25.5,0,2,87,100,0,14,0,50,43.7,50,1
2025-06-29 10:07:59+00:00,0,0,0,0,0,0,0,21,2,0,0,7.151,14.089,25.5,0,2,87,100,0,14,0,50,43.7,50,1
2025-06-29 10:08:00+00:00,0,0,0,0,0,0,0,21,2,0,0,7.092,14.089,25.5,0,2,87,100,0,14,0,50,43.7,50,1
2025-06-29 10:08:01+00:00,0,0,0,0,0,0,0,21,2,0,0,7.025,14.09,25.5,0,2,87,100,0,14,0,50,43.7,50,1
2025-06-29 10:08:02+00:00,0,0,0,0,0,0,0,21,2,0,0,6.95,14.09,25.5,0,2,87,100,0,14,0,50,43.7,50,1
2025-06-29 10:08:03+00:00,0,0,0,0,0,0,0,21,2,0,0,6.905,14.092,25.5,0,2,87,100,0,14,0,50,43.7,50,1
2025-06-29 10:08:04+00:00,0,0,0,0,0,0,0,21,2,0,0,6.843,14.091,25.5,0,2,87,100,0,14,0,50,43.7,50,1
2025-06-29 10:08:05+00:00,0,0,0,0,0,0,0,21,2,0,0,6.751,14.089,25.5,0,2,87,100,0,14,0,50,43.7,50,1
2025-06-29 10:08:06+00:00,0,0,0,0,0,0,0,21,2,0,0,6.713,14.091,25.5,0,2,87,100,0,14,0,50,43.7,50,1
2025-06-29 10:08:07+00:00,0,0,0,0,0,0,0,21,2,0,0,6.656,14.092,25.5,0,2,87,100,0,14,0,50,43.7,50,1
2025-06-29 10:08:08+00:00,0,0,0,0,0,0,0,21,2,0,0,6.58,14.09,25.5,0,2,87,100,0,14,0,50,43.7,50,1
2025-06-29 10:08:09+00:00,0,0,0,0,0,0,0,21,2,0,0,6.518,14.091,25.5,0,2,87,100,0,14,0,50,43.7,50,1
2025-06-29 10:08:10+00:00,0,0,0,0,0,0,0,21,2,0,0,6.478,14.094,25.5,0,2,87,100,0,14,0,50,43.7,50,1
2025-06-29 10:08:11+00:00,0,0,0,0,0,0,0,21,2,0,0,6.414,14.092,25.5,0,2,87,100,0,14,0,50,43.7,50,1
2025-06-29 10:08:12+00:00,0,0,0,0,0,0,0,21,2,0,0,6.371,14.093,25.5,0,2,87,100,0,14,0,50,43.7,50,1
2025-06-29 10:08:13+00:00,0,0,0,0,0,0,0,21,2,0,0,6.316,14.093,25.5,0,2,87,100,0,14,0,50,43.7,50,1
2025-06-29 10:08:14+00:00,0,0,0,0,0,0,0,21,2,0,0,6.257,14.094,25.5,0,2,87,100,0,14,0,50,43.7,50,1
2025-06-29 10:08:15+00:00,0,0,0,0,0,0,0,21,2,0,0,6.197,14.096,25.5,0,2,87,100,0,14,0,50,43.7,50,1
2025-06-29 10:08:16+00:00,0,0,0,0,0,0,0,21,2,0,0,6.132,14.095,25.5,0,2,87,100,0,14,0,50,43.7,50,1
2025-06-29 10:08:17+00:00,0,0,0,0,0,0,0,21,2,0,0,6.106,14.093,25.5,0,2,87,100,0,14,0,50,43.7,50,1
2025-06-29 10:08:18+00:00,0,0,0,0,0,0,0,21,2,0,0,6.056,14.093,25.5,0,2,87,100,0,14,0,50,43.7,50,1
2025-06-29 10:08:19+00:00,0,0,0,0,0,0,0,21,2,0,0,6.004,14.095,25.5,0,2,87,100,0,14,0,50,43.7,50,1
2025-06-29 10:08:20+00:00,0,0,0,0,0,0,0,21,2,0,0,5.974,14.097,25.5,0,2,87,100,0,14,0,50,43.7,50,1
2025-06-29 10:08:21+00:00,0,0,0,0,0,0,0,21,2,0,0,5.931,14.098,25.5,0,2,87,100,0,14,0,50,43.7,50,1
2025-06-29 10:08:22+00:00,0,0,0,0,0,0,0,21,2,0,0,5.874,14.095,25.5,0,2,87,100,0,14,0,50,43.7,50,1
2025-06-29 10:08:23+00:00,0,0,0,0,0,0,0,21,2,0,0,5.827,14.096,25.5,0,2,87,100,0,14,0,50,43.7,50,1
2025-06-29 10:08:24+00:00,0,0,0,0,0,0,0,21,2,0,0,5.795,14.095,25.5,0,2,87,100,0,14,0,50,43.7,50,1
2025-06-29 10:08:25+00:00,0,0,0,0,0,0,0,21,2,0,0,5.746,14.097,25.5,0,2,87,100,0,14,0,50,43.7,50,1
2025-06-29 10:08:26+00:00,0,0,0,0,0,0,0,21,2,0,0,5.707,14.098,25.5,0,2,87,100,0,14,0,50,43.7,50,1
2025-06-29 10:08:27+00:00,0,0,0,0,0,0,0,21,2,0,0,5.67,14.099,25.5,0,2,87,100,0,14,0,50,43.7,50,1
2025-06-29 10:08:28+00:00,0,0,0,0,0,0,0,21,2,0,0,5.609,14.097,25.5,0,2,87,100,0,14,0,50,43.7,50,1
2025-06-29 10:08:29+00:00,0,0,0,0,0,0,0,21,2,0,0,5.561,14.097,25.5,0,2,87,100,0,14,0,50,43.7,50,1
2025-06-29 10:08:30+00:00,0,0,0,0,0,0,0,21,2,0,0,5.535,14.098,25.5,0,2,87,100,0,14,0,50,43.7,50,1
2025-06-29 10:08:31+00:00,0,0,0,0,0,0,0,21,2,0,0,5.502,14.098,25.5,0,2,87,100,0,14,0,50,43.7,50,1
2025-06-29 10:08:32+00:00,0,0,0,0,0,0,0,21,2,0,0,5.462,14.098,25.5,0,2,87,100,0,14,0,50,43.7,50,1
2025-06-29 10:08:33+00:00,0,0,0,0,0,0,0,21,2,0,0,5.401,14.096,25.5,0,2,87,100,0,14,0,50,43.7,50,1
2025-06-29 10:08:34+00:00,0,0,0,0,0,0,0,21,2,0,0,5.392,14.099,25.5,0,2,87,100,0,14,0,50,43.7,50,1
2025-06-29 10:08:35+00:00,0,0,0,0,0,0,0,21,2,0,0,5.33,14.1,25.5,0,2,87,100,0,14,0,50,43.7,50,1
2025-06-29 10:08:36+00:00,0,0,0,0,0,0,0,21,2,0,0,5.287,14.098,25.5,0,2,87,100,0,14,0,50,43.7,50,1
2025-06-29 10:08:37+00:00,0,0,0,0,0,0,0,21,2,0,0,5.252,14.099,25.5,0,2,87,100,0,14,0,50,43.7,50,1
2025-06-29 10:08:38+00:00,0,0,0,0,0,0,0,21,2,0,0,5.233,14.098,25.5,0,2,87,100,0,14,0,50,43.7,50,1
2025-06-29 10:08:39+00:00,0,0,0,0,0,0,0,21,2,0,0,5.187,14.099,25.5,0,2,87.5,100,0,14,0,50,43.8,50,1
2025-06-29 10:08:40+00:00,0,0,0,0,0,0,0,21,2,0,0,5.158,14.099,25.5,0,2,87.5,100,0,14,0,50,43.8,50,1
2025-06-29 10:08:41+00:00,0,0,0,0,0,0,0,21,2,0,0,5.114,14.099,25.5,0,2,87.5,100,0,14,0,50,43.8,50,1
2025-06-29 10:08:42+00:00,0,0,0,0,0,0,0,21,2,0,0,5.068,14.097,25.5,0,2,87.5,100,0,14,0,50,43.8,50,1
2025-06-29 10:08:43+00:00,0,0,0,0,0,0,0,21,2,0,0,5.024,14.1,25.5,0,2,87.5,100,0,14,0,50,43.8,50,1
2025-06-29 10:08:44+00:00,0,0,0,0,0,0,0,21,2,0,0,5.017,14.101,25.5,0,2,87.5,100,0,14,0,50,43.8,50,1
2025-06-29 10:08:45+00:00,0,0,0,0,0,0,0,21,2,0,0,5.002,14.101,25.5,0,2,87.5,100,0,14,0,50,43.8,50,1
2025-06-29 10:08:46+00:00,0,0,0,0,0,0,0,21,2,0,0,4.965,14.101,25.5,0,2,87.5,100,0,14,0,50,43.8,50,1
2025-06-29 10:08:47+00:00,0,0,0,0,0,0,0,21,2,0,0,4.925,14.099,25.5,0,2,87.5,100,0,14,0,50,43.8,50,1
2025-06-29 10:08:48+00:00,0,0,0,0,0,0,0,21,2,0,0,4.899,14.099,25.5,0,2,87.5,100,0,14,0,50,43.8,50,1
2025-06-29 10:08:49+00:00,0,0,0,0,0,0,0,21,2,0,0,4.863,14.098,25.5,0,2,87.5,100,0,14,0,50,43.8,50,1
2025-06-29 10:08:50+00:00,0,0,0,0,0,0,0,21,2,0,0,4.824,14.099,25.5,0,2,87.5,100,0,14,0,50,43.8,50,1
2025-06-29 10:08:51+00:00,0,0,0,0,0,0,0,21,2,0,0,4.807,14.101,25.5,0,2,87.5,100,0,14,0,50,43.8,50,1
2025-06-29 10:08:52+00:00,0,0,0,0,0,0,0,21,2,0,0,4.813,14.101,25.5,0,2,87.5,100,0,14,0,50,43.8,50,1
2025-06-29 10:08:53+00:00,0,0,0,0,0,0,0,21,2,0,0,4.739,14.101,25.5,0,2,87.5,100,0,14,0,50,43.8,50,1
2025-06-29 10:08:54+00:00,0,0,0,0,0,0,0,21,2,0,0,4.705,14.1,25.5,0,2,87.5,100,0,14,0,50,43.8,50,1
2025-06-29 10:08:55+00:00,0,0,0,0,0,0,0,21,2,0,0,4.698,14.103,25.5,0,2,87.5,100,0,14,0,50,43.8,50,1
2025-06-29 10:08:56+00:00,0,0,0,0,0,0,0,21,2,0,0,4.655,14.101,25.5,0,2,87.5,100,0,14,0,50,43.8,50,1
2025-06-29 10:08:57+00:00,0,0,0,0,0,0,0,21,2,0,0,4.623,14.102,25.5,0,2,87.5,100,0,14,0,50,43.8,50,1
2025-06-29 10:08:58+00:00,0,0,0,0,0,0,0,21,2,0,0,4.614,14.1,25.5,0,2,87.5,100,0,14,0,50,43.8,50,1
2025-06-29 10:08:59+00:00,0,0,0,0,0,0,0,21,2,0,0,4.589,14.101,25.5,0,2,87.5,100,0,14,0,50,43.8,50,1
2025-06-29 10:09:00+00:00,0,0,0,0,0,0,0,21,2,0,0,4.563,14.102,25.5,0,2,87.5,100,0,14,0,50,43.8,50,1
2025-06-29 10:09:01+00:00,0,0,0,0,0,0,0,21,2,0,0,4.529,14.101,25.5,0,2,87.5,100,0,14,0,50,43.8,50,1
2025-06-29 10:09:02+00:00,0,0,0,0,0,0,0,21,2,0,0,4.516,14.102,25.5,0,2,87.5,100,0,14,0,50,43.8,50,1
2025-06-29 10:09:03+00:00,0,0,0,0,0,0,0,21,2,0,0,4.483,14.103,25.5,0,2,87.5,100,0,14,0,50,43.8,50,1
2025-06-29 10:09:04+00:00,0,0,0,0,0,0,0,21,2,0,0,4.466,14.102,25.5,0,2,87.5,100,0,14,0,50,43.8,50,1
2025-06-29 10:09:05+00:00,0,0,0,0,0,0,0,21,2,0,0,4.428,14.102,25.5,0,2,87.5,100,0,14,0,50,43.8,50,1
2025-06-29 10:09:06+00:00,0,0,0,0,0,0,0,21,2,0,0,4.405,14.102,25.5,0,2,87.5,100,0,14,0,50,43.8,50,1
2025-06-29 10:09:07+00:00,0,0,0,0,0,0,0,21,2,0,0,4.394,14.101,25.5,0,2,87.5,100,0,14,0,50,43.8,50,1
2025-06-29 10:09:08+00:00,0,0,0,0,0,0,0,21,2,0,0,4.37,14.103,25.5,0,2,87.5,100,0,14,0,50,43.8,50,1
2025-06-29 10:09:09+00:00,0,0,0,0,0,0,0,21,2,0,0,4.362,14.102,25.5,0,2,87.5,100,0,14,0,50,43.8,50,1
2025-06-29 10:09:10+00:00,0,0,0,0,0,0,0,21,2,0,0,4.314,14.102,25.5,0,2,87.5,100,0,14,0,50,43.8,50,1
2025-06-29 10:09:11+00:00,0,0,0,0,0,0,0,21,2,0,0,4.31,14.103,25.5,0,2,87.5,100,0,14,0,50,43.8,50,1
2025-06-29 10:09:12+00:00,0,0,0,0,0,0,0,21,2,0,0,4.271,14.105,25.5,0,2,87.5,100,0,14,0,50,43.8,50,1
2025-06-29 10:09:13+00:00,0,0,0,0,0,0,0,21,2,0,0,4.258,14.103,25.5,0,2,87.5,100,0,14,0,50,43.8,50,1
2025-06-29 10:09:14+00:00,0,0,0,0,0,0,0,21,2,0,0,4.24,14.104,25.5,0,2,87.5,100,0,14,0,50,43.8,50,1
2025-06-29 10:09:15+00:00,0,0,0,0,0,0,0,21,2,0,0,4.216,14.103,25.5,0,2,87.5,100,0,14,0,50,43.8,50,1
2025-06-29 10:09:16+00:00,0,0,0,0,0,0,0,21,2,0,0,4.184,14.103,25.5,0,2,87.5,100,0,14,0,50,43.8,50,1
2025-06-29 10:09:17+00:00,0,0,0,0,0,0,0,21,2,0,0,4.166,14.104,25.5,0,2,87.5,100,0,14,0,50,43.8,50,1
2025-06-29 10:09:18+00:00,0,0,0,0,0,0,0,21,2,0,0,4.168,14.105,25.5,0,2,87.5,100,0,14,0,50,43.8,50,1
2025-06-29 10:09:19+00:00,0,0,0,0,0,0,0,21,2,0,0,4.11,14.102,25.5,0,2,87.5,100,0,14,0,50,43.8,50,1
2025-06-29 10:09:20+00:00,0,0,0,0,0,0,0,21,2,0,0,4.076,14.104,25.5,0,2,87.5,100,0,14,0,50,43.8,50,1
2025-06-29 10:09:21+00:00,0,0,0,0,0,0,0,21,2,0,0,4.079,14.104,25.5,0,2,87.5,100,0,14,0,50,43.8,50,1
2025-06-29 10:09:22+00:00,0,0,0,0,0,0,0,21,2,0,0,4.069,14.105,25.5,0,2,87.5,100,0,14,0,50,43.8,50,1
2025-06-29 10:09:23+00:00,0,0,0,0,0,0,0,21,2,0,0,4.04,14.102,25.5,0,2,87.5,100,0,14,0,50,43.8,50,1
2025-06-29 10:09:24+00:00,0,0,0,0,0,0,0,21,2,0,0,4.012,14.105,25.5,0,2,87.5,100,0,14,0,50,43.8,50,1
2025-06-29 10:09:25+00:00,0,0,0,0,0,0,0,21,2,0,0,4.018,14.104,25.5,0,2,87.5,100,0,14,0,50,43.8,50,1
2025-06-29 10:09:26+00:00,0,0,0,0,0,0,0,21,2,0,0,3.972,14.104,25.5,0,2,87.5,100,0,14,0,50,43.8,50,1
2025-06-29 10:09:27+00:00,0,0,0,0,0,0,0,21,2,0,0,3.966,14.106,25.5,0,2,87.5,100,0,14,0,50,43.8,50,1
2025-06-29 10:09:28+00:00,0,0,0,0,0,0,0,21,2,0,0,3.946,14.105,25.5,0,2,87.5,100,0,14,0,50,43.8,50,1
2025-06-29 10:09:29+00:00,0,0,0,0,0,0,0,21,2,0,0,3.917,14.107,25.5,0,2,87.5,100,0,14,0,50,43.8,50,1
2025-06-29 10:09:30+00:00,0,0,0,0,0,0,0,21,2,0,0,3.926,14.105,25.5,0,2,87.5,100,0,14,0,50,43.8,50,1
2025-06-29 10:09:31+00:00,0,0,0,0,0,0,0,21,2,0,0,3.886,14.104,25.5,0,2,87.5,100,0,14,0,50,43.8,50,1
2025-06-29 10:09:32+00:00,0,0,0,0,0,0,0,21,2,0,0,3.876,14.104,25.5,0,2,87.5,100,0,14,0,50,43.8,50,1
2025-06-29 10:09:33+00:00,0,0,0,0,0,0,0,21,2,0,0,3.843,14.105,25.5,0,2,87.5,100,0,14,0,50,43.8,50,1
2025-06-29 10:09:34+00:00,0,0,0,0,0,0,0,21,2,0,0,3.845,14.106,25.5,0,2,87.5,100,0,14,0,50,43.8,50,1
2025-06-29 10:09:35+00:00,0,0,0,0,0,0,0,21,2,0,0,3.819,14.104,25.5,0,2,87.5,100,0,14,0,50,43.8,50,1
2025-06-29 10:09:36+00:00,0,0,0,0,0,0,0,21,2,0,0,3.78,14.106,25.5,0,2,87.5,100,0,14,0,50,43.8,50,1
2025-06-29 10:09:37+00:00,0,0,0,0,0,0,0,21,2,0,0,3.799,14.105,25.5,0,2,87.5,100,0,14,0,50,43.8,50,1
2025-06-29 10:09:38+00:00,0,0,0,0,0,0,0,21,2,0,0,3.774,14.107,25.5,0,2,87.5,100,0,14,0,50,43.8,50,1
2025-06-29 10:09:39+00:00,0,0,0,0,0,0,0,21,2,0,0,3.748,14.104,25.5,0,2,87.5,100,0,14,0,50,43.8,50,1
2025-06-29 10:09:40+00:00,0,0,0,0,0,0,0,21,2,0,0,3.751,14.107,25.5,0,1,87.5,100,0,14,0,50,43.8,50,1
2025-06-29 10:09:41+00:00,0,0,0,0,0,0,0,21,2,0,0,3.718,14.105,25.5,0,2,87.5,100,0,14,0,50,43.8,50,1
2025-06-29 10:09:42+00:00,0,0,0,0,0,0,0,21,2,0,0,3.715,14.108,25.5,0,2,87.5,100,0,14,0,50,43.8,50,1
2025-06-29 10:09:43+00:00,0,0,0,0,0,0,0,21,2,0,0,3.701,14.106,25.5,0,2,87.5,100,0,14,0,50,43.8,50,1
2025-06-29 10:09:44+00:00,0,0,0,0,0,0,0,21,2,0,0,3.681,14.106,25.5,0,2,87.5,100,0,14,0,50,43.8,50,1
2025-06-29 10:09:45+00:00,0,0,0,0,0,0,0,21,2,0,0,3.639,14.106,25.5,0,2,87.5,100,0,14,0,50,43.8,50,1
2025-06-29 10:09:46+00:00,0,0,0,0,0,0,0,21,2,0,0,3.656,14.105,25.5,0,2,87.5,100,0,14,0,50,43.8,50,1
2025-06-29 10:09:47+00:00,0,0,0,0,0,0,0,21,2,0,0,3.646,14.107,25.5,0,2,87.5,100,0,14,0,50,43.8,50,1
2025-06-29 10:09:48+00:00,0,0,0,0,0,0,0,21,2,0,0,3.609,14.105,25.5,0,2,87.5,100,0,14,0,50,43.8,50,1
2025-06-29 10:09:49+00:00,0,0,0,0,0,0,0,21,2,0,0,3.615,14.106,25.5,0,2,87.5,100,0,14,0,50,43.8,50,1
2025-06-29 10:09:50+00:00,0,0,0,0,0,0,0,21,2,0,0,3.593,14.107,25.5,0,2,87.5,100,0,14,0,50,43.8,50,1
2025-06-29 10:09:51+00:00,0,0,0,0,0,0,0,21,2,0,0,3.573,14.104,25.5,0,2,87.5,100,0,14,0,50,43.8,50,1
2025-06-29 10:09:52+00:00,0,0,0,0,0,0,0,21,2,0,0,3.565,14.105,25.5,0,2,87.5,100,0,14,0,50,43.8,50,1
2025-06-29 10:09:53+00:00,0,0,0,0,0,0,0,21,2,0,0,3.549,14.108,25.5,0,2,87.5,100,0,14,0,50,43.8,50,1
2025-06-29 10:09:54+00:00,0,0,0,0,0,0,0,21,2,0,0,3.55,14.107,25.5,0,1,87.5,100,0,14,0,50,43.8,50,1
2025-06-29 10:09:55+00:00,0,0,0,0,0,0,0,21,2,0,0,3.497,14.106,25.5,0,2,87.5,100,0,14,0,50,43.8,50,1
2025-06-29 10:09:56+00:00,0,0,0,0,0,0,0,21,2,0,0,3.516,14.104,25.5,0,2,87.5,100,0,14,0,50,43.8,50,1
2025-06-29 10:09:57+00:00,0,0,0,0,0,0,0,21,2,0,0,3.501,14.108,25.5,0,2,87.5,100,0,14,0,50,43.8,50,1
2025-06-29 10:09:58+00:00,0,0,0,0,0,0,0,21,2,0,0,3.463,14.105,25.5,0,2,87.5,100,0,14,0,50,43.8,50,1
2025-06-29 10:09:59+00:00,0,0,0,0,0,0,0,21,2,0,0,3.452,14.104,25.5,0,1,87.5,100,0,14,0,50,43.8,50,1
2025-06-29 10:10:00+00:00,0,0,0,0,0,0,0,21,2,0,0,3.464,14.107,25.5,0,2,87.5,100,0,14,0,50,43.8,50,1
2025-06-29 10:10:01+00:00,0,0,0,0,0,0,0,21,2,0,0,3.435,14.107,25.5,0,2,87.5,100,0,14,0,50,43.8,50,1
2025-06-29 10:10:02+00:00,0,0,0,0,0,0,0,21,2,0,0,3.428,14.106,25.5,0,2,87.5,100,0,14,0,50,43.8,50,1
2025-06-29 10:10:03+00:00,0,0,0,0,0,0,0,21,2,0,0,3.406,14.107,25.5,0,2,87.5,100,0,14,0,50,43.8,50,1
2025-06-29 10:10:04+00:00,0,0,0,0,0,0,0,21,2,0,0,3.39,14.11,25.5,0,2,87.5,100,0,14,0,50,43.8,50,1
2025-06-29 10:10:05+00:00,0,0,0,0,0,0,0,21,2,0,0,3.384,14.11,25.5,0,2,87.5,100,0,14,0,50,43.8,50,1
2025-06-29 10:10:06+00:00,0,0,0,0,0,0,0,21,2,0,0,3.359,14.11,25.5,0,2,87.5,100,0,14,0,50,43.9,50,1
2025-06-29 10:10:07+00:00,0,0,0,0,0,0,0,21,2,0,0,3.361,14.109,25.5,0,2,87.5,100,0,14,0,50,43.9,50,1
2025-06-29 10:10:08+00:00,0,0,0,0,0,0,0,21,2,0,0,3.361,14.108,25.5,0,2,87.5,100,0,14,0,50,43.9,50,1
2025-06-29 10:10:09+00:00,0,0,0,0,0,0,0,21,2,0,0,3.357,14.108,25.5,0,2,87.5,100,0,14,0,50,43.9,50,1
2025-06-29 10:10:10+00:00,0,0,0,0,0,0,0,21,2,0,0,3.349,14.109,25.5,0,2,87.5,100,0,14,0,50,43.9,50,1
2025-06-29 10:10:11+00:00,0,0,0,0,0,0,0,21,2,0,0,3.343,14.108,25.5,0,2,87.5,100,0,14,0,50,43.9,50,1
2025-06-29 10:10:12+00:00,0,0,0,0,0,0,0,21,2,0,0,3.261,14.104,25.5,0,2,87.5,100,0,14,0,50,43.9,50,1
2025-06-29 10:10:13+00:00,0,0,0,0,0,0,0,21,2,0,0,3.294,14.107,25.5,0,2,87.5,100,0,14,0,50,43.9,50,1
2025-06-29 10:10:14+00:00,0,0,0,0,0,0,0,21,2,0,0,3.274,14.107,25.5,0,2,87.5,100,0,14,0,50,43.9,50,1
2025-06-29 10:10:15+00:00,0,0,0,0,0,0,0,21,2,0,0,3.3,14.108,25.5,0,2,87.5,100,0,14,0,50,43.9,50,1
2025-06-29 10:10:16+00:00,0,0,0,0,0,0,0,21,2,0,0,3.282,14.106,25.5,0,2,87.5,100,0,14,0,50,43.9,50,1
2025-06-29 10:10:17+00:00,0,0,0,0,0,0,0,21,2,0,0,3.216,14.108,25.5,0,1,87.5,100,0,14,0,50,43.9,50,1
2025-06-29 10:10:18+00:00,0,0,0,0,0,0,0,21,2,0,0,3.224,14.106,25.5,0,2,87.5,100,0,14,0,50,43.9,50,1
2025-06-29 10:10:19+00:00,0,0,0,0,0,0,0,21,2,0,0,3.248,14.109,25.5,0,2,87.5,100,0,14,0,50,43.9,50,1
2025-06-29 10:10:20+00:00,0,0,0,0,0,0,0,21,2,0,0,3.222,14.107,25.5,0,2,87.5,100,0,14,0,50,43.9,50,1
2025-06-29 10:10:21+00:00,0,0,0,0,0,0,0,21,2,0,0,3.203,14.106,25.5,0,2,87.5,100,0,14,0,50,43.9,50,1
2025-06-29 10:10:22+00:00,0,0,0,0,0,0,0,21,2,0,0,3.178,14.107,25.5,0,2,87.5,100,0,14,0,50,43.9,50,1
2025-06-29 10:10:23+00:00,0,0,0,0,0,0,0,21,2,0,0,3.18,14.109,25.5,0,2,87.5,100,0,14,0,50,43.9,50,1
2025-06-29 10:10:24+00:00,0,0,0,0,0,0,0,21,2,0,0,3.176,14.105,25.5,0,2,87.5,100,0,14,0,50,43.9,50,1
2025-06-29 10:10:25+00:00,0,0,0,0,0,0,0,21,2,0,0,3.158,14.107,25.5,0,2,87.5,100,0,14,0,50,43.9,50,1
2025-06-29 10:10:26+00:00,0,0,0,0,0,0,0,21,2,0,0,3.137,14.108,25.5,0,2,87.5,100,0,14,0,50,43.9,50,1
2025-06-29 10:10:27+00:00,0,0,0,0,0,0,0,21,2,0,0,3.14,14.105,25.5,0,2,87.5,100,0,14,0,50,43.9,50,1
2025-06-29 10:10:28+00:00,0,0,0,0,0,0,0,21,2,0,0,3.137,14.108,25.5,0,2,87.5,100,0,14,0,50,43.9,50,1
2025-06-29 10:10:29+00:00,0,0,0,0,0,0,0,21,2,0,0,3.103,14.107,25.5,0,2,87.5,100,0,14,0,50,43.9,50,1
2025-06-29 10:10:30+00:00,0,0,0,0,0,0,0,21,2,0,0,3.087,14.109,25.5,0,2,87.5,100,0,14,0,50,43.9,50,1
2025-06-29 10:10:31+00:00,0,0,0,0,0,0,0,21,2,0,0,3.099,14.108,25.5,0,2,87.5,100,0,14,0,50,43.9,50,1
2025-06-29 10:10:32+00:00,0,0,0,0,0,0,0,21,2,0,0,3.083,14.107,25.5,0,2,87.5,100,0,14,0,50,43.9,50,1
2025-06-29 10:10:33+00:00,0,0,0,0,0,0,0,21,2,0,0,3.059,14.106,25.5,0,2,87.5,100,0,14,0,50,43.9,50,1
2025-06-29 10:10:34+00:00,0,0,0,0,0,0,0,21,2,0,0,3.077,14.108,25.5,0,2,87.5,100,0,14,0,50,43.9,50,1
2025-06-29 10:10:35+00:00,0,0,0,0,0,0,0,21,2,0,0,3.076,14.109,25.5,0,2,87.5,100,0,14,0,50,43.9,50,1
2025-06-29 10:10:36+00:00,0,0,0,0,0,0,0,21,2,0,0,3.059,14.109,25.5,0,2,87.5,100,0,14,0,50,43.9,50,1
2025-06-29 10:10:37+00:00,0,0,0,0,0,0,0,21,2,0,0,3.017,14.108,25.5,0,2,87.5,100,0,14,0,50,43.9,50,1
2025-06-29 10:10:38+00:00,0,0,0,0,0,0,0,21,2,0,0,3.016,14.11,25.5,0,2,87.5,100,0,14,0,50,43.9,50,1
2025-06-29 10:10:39+00:00,0,0,0,0,0,0,0,21,2,0,0,3.024,14.107,25.5,0,2,87.5,100,0,14,0,50,43.9,50,1
2025-06-29 10:10:40+00:00,0,0,0,0,0,0,0,21,2,0,0,3.029,14.108,25.5,0,2,87.5,100,0,14,0,50,43.9,50,1
2025-06-29 10:10:41+00:00,0,0,0,0,0,0,0,21,2,0,0,3.022,14.109,25.5,0,2,87.5,100,0,14,0,50,43.9,50,1
2025-06-29 10:10:42+00:00,0,0,0,0,0,0,0,21,2,0,0,3.008,14.107,25.5,0,2,87.5,100,0,14,0,50,43.9,50,1
2025-06-29 10:10:43+00:00,0,0,0,0,0,0,0,21,2,0,0,2.999,14.11,25.5,0,2,87.5,100,0,14,0,50,43.9,50,1
2025-06-29 10:10:44+00:00,0,0,0,0,0,0,0,21,2,0,0,2.971,14.11,25.5,0,2,87.5,100,0,14,0,50,43.9,50,1
2025-06-29 10:10:45+00:00,0,0,0,0,0,0,0,21,2,0,0,2.978,14.108,25.5,0,2,87.5,100,0,14,0,50,43.9,50,1
2025-06-29 10:10:46+00:00,0,0,0,0,0,0,0,21,2,0,0,2.945,14.107,25.5,0,2,87.5,100,0,14,0,50,43.9,50,1
2025-06-29 10:10:47+00:00,0,0,0,0,0,0,0,21,2,0,0,2.961,14.108,25.5,0,2,87.5,100,0,14,0,50,43.9,50,1
2025-06-29 10:10:48+00:00,0,0,0,0,0,0,0,21,2,0,0,2.942,14.109,25.5,0,2,87.5,100,0,14,0,50,43.9,50,1
2025-06-29 10:10:49+00:00,0,0,0,0,0,0,0,21,2,0,0,2.928,14.109,25.5,0,2,87.5,100,0,14,0,50,43.9,50,1
2025-06-29 10:10:50+00:00,0,0,0,0,0,0,0,21,2,0,0,2.923,14.108,25.5,0,2,87.5,100,0,14,0,50,43.9,50,1
2025-06-29 10:10:51+00:00,0,0,0,0,0,0,0,21,2,0,0,2.935,14.11,25.5,0,2,87.5,100,0,14,0,50,43.9,50,1
2025-06-29 10:10:52+00:00,0,0,0,0,0,0,0,21,2,0,0,2.9,14.106,25.5,0,2,87.5,100,0,14,0,50,43.9,50,1
2025-06-29 10:10:53+00:00,0,0,0,0,0,0,0,21,2,0,0,2.895,14.108,25.5,0,2,87.5,100,0,14,0,50,43.9,50,1
2025-06-29 10:10:54+00:00,0,0,0,0,0,0,0,21,2,0,0,2.897,14.108,25.5,0,2,87.5,100,0,14,0,50,43.9,50,1
2025-06-29 10:10:55+00:00,0,0,0,0,0,0,0,21,2,0,0,2.898,14.109,25.5,0,2,87.5,100,0,14,0,50,43.9,50,1
2025-06-29 10:10:56+00:00,0,0,0,0,0,0,0,21,2,0,0,2.841,14.11,25.5,0,1,87.5,100,0,14,0,50,43.9,50,1
2025-06-29 10:10:57+00:00,0,0,0,0,0,0,0,21,2,0,0,2.866,14.109,25.5,0,2,87.5,100,0,14,0,50,43.9,50,1
2025-06-29 10:10:58+00:00,0,0,0,0,0,0,0,21,2,0,0,2.849,14.11,25.5,0,2,87.5,100,0,14,0,50,43.9,50,1
2025-06-29 10:10:59+00:00,0,0,0,0,0,0,0,21,2,0,0,2.853,14.108,25.5,0,2,87.5,100,0,14,0,50,43.9,50,1
2025-06-29 10:11:00+00:00,0,0,0,0,0,0,0,21,2,0,0,2.834,14.11,25.5,0,2,87.5,100,0,14,0,50,43.9,50,1
2025-06-29 10:11:01+00:00,0,0,0,0,0,0,0,21,2,0,0,2.834,14.11,25.5,0,2,87.5,100,0,14,0,50,43.9,50,1
2025-06-29 10:11:02+00:00,0,0,0,0,0,0,0,21,2,0,0,2.812,14.111,25.5,0,2,87.5,100,0,14,0,50,43.9,50,1
2025-06-29 10:11:03+00:00,0,0,0,0,0,0,0,21,2,0,0,2.813,14.112,25.5,0,2,87.5,100,0,14,0,50,43.9,50,1
2025-06-29 10:11:04+00:00,0,0,0,0,0,0,0,21,2,0,0,2.805,14.112,25.5,0,2,87.5,100,0,14,0,50,43.9,50,1
2025-06-29 10:11:05+00:00,0,0,0,0,0,0,0,21,2,0,0,2.789,14.109,25.5,0,2,87.5,100,0,14,0,50,43.9,50,1
2025-06-29 10:11:06+00:00,0,0,0,0,0,0,0,21,2,0,0,2.788,14.112,25.5,0,2,87.5,100,0,14,0,50,43.9,50,1
2025-06-29 10:11:07+00:00,0,0,0,0,0,0,0,21,2,0,0,2.791,14.11,25.5,0,2,87.5,100,0,14,0,50,43.9,50,1
2025-06-29 10:11:08+00:00,0,0,0,0,0,0,0,21,2,0,0,2.78,14.111,25.5,0,2,87.5,100,0,14,0,50,43.9,50,1
2025-06-29 10:11:09+00:00,0,0,0,0,0,0,0,21,2,0,0,2.783,14.112,25.5,0,2,87.5,100,0,14,0,50,43.9,50,1
2025-06-29 10:11:10+00:00,0,0,0,0,0,0,0,21,2,0,0,2.795,14.108,25.5,0,2,87.5,100,0,14,0,50,43.9,50,1
2025-06-29 10:11:11+00:00,0,0,0,0,0,0,0,21,2,0,0,2.781,14.109,25.5,0,2,87.5,100,0,14,0,50,43.9,50,1
2025-06-29 10:11:12+00:00,0,0,0,0,0,0,0,21,2,0,0,2.759,14.108,25.5,0,2,87.5,100,0,14,0,50,43.9,50,1
2025-06-29 10:11:13+00:00,0,0,0,0,0,0,0,21,2,0,0,2.752,14.107,25.5,0,2,87.5,100,0,14,0,50,43.9,50,1
2025-06-29 10:11:14+00:00,0,0,0,0,0,0,0,21,2,0,0,2.76,14.11,25.5,0,2,87.5,100,0,14,0,50,43.9,50,1
2025-06-29 10:11:15+00:00,0,0,0,0,0,0,0,21,2,0,0,2.695,14.108,25.5,0,2,87.5,100,0,14,0,50,43.9,50,1
2025-06-29 10:11:16+00:00,0,0,0,0,0,0,0,21,2,0,0,2.74,14.108,25.5,0,2,87.5,100,0,14,0,50,43.9,50,1
2025-06-29 10:11:17+00:00,0,0,0,0,0,0,0,21,2,0,0,2.721,14.11,25.5,0,2,87.5,100,0,14,0,50,43.9,50,1
2025-06-29 10:11:18+00:00,0,0,0,0,0,0,0,21,2,0,0,2.715,14.11,25.5,0,2,87.5,100,0,14,0,50,43.9,50,1
2025-06-29 10:11:19+00:00,0,0,0,0,0,0,0,21,2,0,0,2.71,14.109,25.5,0,2,87.5,100,0,14,0,50,43.9,50,1
2025-06-29 10:11:20+00:00,0,0,0,0,0,0,0,21,2,0,0,2.745,14.11,25.5,0,2,87.5,100,0,14,0,50,43.9,50,1
2025-06-29 10:11:21+00:00,0,0,0,0,0,0,0,21,2,0,0,2.662,14.108,25.5,0,1,87.5,100,0,14,0,50,43.9,50,1
2025-06-29 10:11:22+00:00,0,0,0,0,0,0,0,21,2,0,0,2.687,14.11,25.5,0,2,87.5,100,0,14,0,50,43.9,50,1
2025-06-29 10:11:23+00:00,0,0,0,0,0,0,0,21,2,0,0,2.686,14.11,25.5,0,2,87.5,100,0,14,0,50,43.9,50,1
2025-06-29 10:11:24+00:00,0,0,0,0,0,0,0,21,2,0,0,2.642,14.109,25.5,0,2,87.5,100,0,14,0,50,43.9,50,1
2025-06-29 10:11:25+00:00,0,0,0,0,0,0,0,21,2,0,0,2.663,14.11,25.5,0,2,87.5,100,0,14,0,50,43.9,50,1
2025-06-29 10:11:26+00:00,0,0,0,0,0,0,0,21,2,0,0,2.656,14.108,25.5,0,2,87.5,100,0,14,0,50,43.9,50,1
2025-06-29 10:11:27+00:00,0,0,0,0,0,0,0,21,2,0,0,2.642,14.109,25.5,0,2,87.5,100,0,14,0,50,43.9,50,1
2025-06-29 10:11:28+00:00,0,0,0,0,0,0,0,21,2,0,0,2.639,14.108,25.5,0,2,87.5,100,0,14,0,50,43.9,50,1
2025-06-29 10:11:29+00:00,0,0,0,0,0,0,0,21,2,0,0,2.64,14.113,25.5,0,2,87.5,100,0,14,0,50,43.9,50,1
2025-06-29 10:11:30+00:00,0,0,0,0,0,0,0,21,2,0,0,2.649,14.109,25.5,0,2,87.5,100,0,14,0,50,43.9,50,1
2025-06-29 10:11:31+00:00,0,0,0,0,0,0,0,21,2,0,0,2.641,14.11,25.5,0,2,87.5,100,0,14,0,50,43.9,50,1
2025-06-29 10:11:32+00:00,0,0,0,0,0,0,0,21,2,0,0,2.596,14.109,25.5,0,2,87.5,100,0,14,0,50,43.9,50,1
2025-06-29 10:11:33+00:00,0,0,0,0,0,0,0,21,2,0,0,2.602,14.107,25.5,0,2,87.5,100,0,14,0,50,43.9,50,1
2025-06-29 10:11:34+00:00,0,0,0,0,0,0,0,21,2,0,0,2.586,14.108,25.5,0,2,87.5,100,0,14,0,50,43.9,50,1
2025-06-29 10:11:35+00:00,0,0,0,0,0,0,0,21,2,0,0,2.592,14.108,25.5,0,2,87.5,100,0,14,0,50,43.9,50,1
2025-06-29 10:11:36+00:00,0,0,0,0,0,0,0,21,2,0,0,2.613,14.11,25.5,0,2,87.5,100,0,14,0,50,43.9,50,1
2025-06-29 10:11:37+00:00,0,0,0,0,0,0,0,21,2,0,0,2.59,14.108,25.5,0,2,87.5,100,0,14,0,50,43.9,50,1
2025-06-29 10:11:38+00:00,0,0,0,0,0,0,0,21,2,0,0,2.605,14.108,25.5,0,2,87.5,100,0,14,0,50,43.9,50,1
2025-06-29 10:11:39+00:00,0,0,0,0,0,0,0,21,2,0,0,2.603,14.11,25.5,0,2,87.5,100,0,14,0,50,43.9,50,1
2025-06-29 10:11:40+00:00,0,0,0,0,0,0,0,21,2,0,0,2.57,14.11,25.5,0,2,87.5,100,0,14,0,50,43.9,50,1
2025-06-29 10:11:41+00:00,0,0,0,0,0,0,0,21,2,0,0,2.592,14.109,25.5,0,2,87.5,100,0,14,0,50,43.9,50,1
2025-06-29 10:11:42+00:00,0,0,0,0,0,0,0,21,2,0,0,2.554,14.108,25.5,0,2,87.5,100,0,14,0,50,43.9,50,1
2025-06-29 10:11:43+00:00,0,0,0,0,0,0,0,21,2,0,0,2.544,14.112,25.5,0,2,87.5,100,0,14,0,50,43.9,50,1
2025-06-29 10:11:44+00:00,0,0,0,0,0,0,0,21,2,0,0,2.556,14.109,25.5,0,2,87.5,100,0,14,0,50,43.9,50,1
2025-06-29 10:11:45+00:00,0,0,0,0,0,0,0,21,2,0,0,2.553,14.109,25.5,0,2,87.5,100,0,14,0,50,43.9,50,1
2025-06-29 10:11:46+00:00,0,0,0,0,0,0,0,21,2,0,0,2.531,14.109,25.5,0,2,87.5,100,0,14,0,50,43.9,50,1
2025-06-29 10:11:47+00:00,0,0,0,0,0,0,0,21,2,0,0,2.545,14.109,25.5,0,2,87.5,100,0,14,0,50,43.9,50,1
2025-06-29 10:11:48+00:00,0,0,0,0,0,0,0,21,2,0,0,2.516,14.112,25.5,0,2,87.5,100,0,14,0,50,43.9,50,1
2025-06-29 10:11:49+00:00,0,0,0,0,0,0,0,21,2,0,0,2.528,14.11,25.5,0,2,87.5,100,0,14,0,50,43.9,50,1
2025-06-29 10:11:50+00:00,0,0,0,0,0,0,0,21,2,0,0,2.532,14.11,25.5,0,2,87.5,100,0,14,0,50,43.9,50,1
2025-06-29 10:11:51+00:00,0,0,0,0,0,0,0,21,2,0,0,2.5,14.109,25.5,0,2,87.5,100,0,14,0,50,43.9,50,1
2025-06-29 10:11:52+00:00,0,0,0,0,0,0,0,21,2,0,0,2.503,14.108,25.5,0,2,87.5,100,0,14,0,50,43.9,50,1
2025-06-29 10:11:53+00:00,0,0,0,0,0,0,0,21,2,0,0,2.521,14.111,25.5,0,2,87.5,100,0,14,0,50,43.9,50,1
2025-06-29 10:11:54+00:00,0,0,0,0,0,0,0,21,2,0,0,2.472,14.109,25.5,0,1,87.5,100,0,14,0,50,43.9,50,1
2025-06-29 10:11:55+00:00,0,0,0,0,0,0,0,21,2,0,0,2.457,14.111,25.5,0,2,87.5,100,0,14,0,50,43.9,50,1
2025-06-29 10:11:56+00:00,0,0,0,0,0,0,0,21,2,0,0,2.484,14.108,25.5,0,2,87.5,100,0,14,0,50,43.9,50,1
2025-06-29 10:11:57+00:00,0,0,0,0,0,0,0,21,2,0,0,2.459,14.108,25.5,0,2,87.5,100,0,14,0,50,43.9,50,1
2025-06-29 10:11:58+00:00,0,0,0,0,0,0,0,21,2,0,0,2.473,14.108,25.5,0,2,87.5,100,0,14,0,50,43.9,50,1
2025-06-29 10:11:59+00:00,0,0,0,0,0,0,0,21,2,0,0,2.494,14.112,25.5,0,2,87.5,100,0,14,0,50,43.9,50,1
2025-06-29 10:12:00+00:00,0,0,0,0,0,0,0,21,2,0,0,2.493,14.111,25.5,0,2,87.5,100,0,14,0,50,43.9,50,1
2025-06-29 10:12:01+00:00,0,0,0,0,0,0,0,21,2,0,0,2.478,14.109,25.5,0,2,87.5,100,0,14,0,50,43.9,50,1
2025-06-29 10:12:02+00:00,0,0,0,0,0,0,0,21,2,0,0,2.45,14.107,25.5,0,2,87.5,100,0,14,0,50,43.9,50,1
2025-06-29 10:12:03+00:00,0,0,0,0,0,0,0,21,2,0,0,2.423,14.109,25.5,0,2,87.5,100,0,14,0,50,43.9,50,1
2025-06-29 10:12:04+00:00,0,0,0,0,0,0,0,21,2,0,0,2.44,14.11,25.5,0,2,87.5,100,0,14,0,50,43.9,50,1
2025-06-29 10:12:05+00:00,0,0,0,0,0,0,0,21,2,0,0,2.457,14.108,25.5,0,2,87.5,100,0,14,0,50,43.9,50,1
2025-06-29 10:12:06+00:00,0,0,0,0,0,0,0,21,2,0,0,2.447,14.109,25.5,0,2,87.5,100,0,14,0,50,43.9,50,1
2025-06-29 10:12:07+00:00,0,0,0,0,0,0,0,21,2,0,0,2.427,14.113,25.5,0,1,87.5,100,0,14,0,50,43.9,50,1
2025-06-29 10:12:08+00:00,0,0,0,0,0,0,0,21,2,0,0,2.431,14.108,25.5,0,1,87.5,100,0,14,0,50,43.9,50,1
2025-06-29 10:12:09+00:00,0,0,0,0,0,0,0,21,2,0,0,2.43,14.111,25.5,0,2,87.5,100,0,14,0,50,43.9,50,1
2025-06-29 10:12:10+00:00,0,0,0,0,0,0,0,21,2,0,0,2.423,14.109,25.5,0,2,87.5,100,0,14,0,50,43.9,50,1
2025-06-29 10:12:11+00:00,0,0,0,0,0,0,0,21,2,0,0,2.409,14.109,25.5,0,2,87.5,100,0,14,0,50,43.9,50,1
2025-06-29 10:12:12+00:00,0,0,0,0,0,0,0,21,2,0,0,2.443,14.111,25.5,0,2,87.5,100,0,14,0,50,43.9,50,1
2025-06-29 10:12:13+00:00,0,0,0,0,0,0,0,21,2,0,0,2.436,14.109,25.5,0,2,87.5,100,0,14,0,50,43.9,50,1
2025-06-29 10:12:14+00:00,0,0,0,0,0,0,0,21,2,0,0,2.395,14.112,25.5,0,2,87.5,100,0,14,0,50,43.9,50,1
2025-06-29 10:12:15+00:00,0,0,0,0,0,0,0,21,2,0,0,2.411,14.108,25.5,0,2,88,100,0,14,0,50,44,50,1
2025-06-29 10:12:16+00:00,0,0,0,0,0,0,0,21,2,0,0,2.41,14.111,25.5,0,2,88,100,0,14,0,50,44,50,1
2025-06-29 10:12:17+00:00,0,0,0,0,0,0,0,21,2,0,0,2.382,14.111,25.5,0,2,88,100,0,14,0,50,44,50,1
2025-06-29 10:12:18+00:00,0,0,0,0,0,0,0,21,2,0,0,2.372,14.107,25.5,0,1,88,100,0,14,0,50,44,50,1
2025-06-29 10:12:19+00:00,0,0,0,0,0,0,0,21,2,0,0,2.345,14.108,25.5,0,1,88,100,0,14,0,50,44,50,1
2025-06-29 10:12:20+00:00,0,0,0,0,0,0,0,21,2,0,0,2.391,14.108,25.5,0,2,88,100,0,14,0,50,44,50,1
2025-06-29 10:12:21+00:00,0,0,0,0,0,0,0,21,2,0,0,2.401,14.11,25.5,0,1,88,100,0,14,0,50,44,50,1
2025-06-29 10:12:22+00:00,0,0,0,0,0,0,0,21,2,0,0,2.375,14.108,25.5,0,2,88,100,0,14,0,50,44,50,1
2025-06-29 10:12:23+00:00,0,0,0,0,0,0,0,21,2,0,0,2.365,14.111,25.5,0,2,88,100,0,14,0,50,44,50,1
2025-06-29 10:12:24+00:00,0,0,0,0,0,0,0,21,2,0,0,2.352,14.11,25.5,0,2,88,100,0,14,0,50,44,50,1
2025-06-29 10:12:25+00:00,0,0,0,0,0,0,0,21,2,0,0,2.341,14.11,25.5,0,1,88,100,0,14,0,50,44,50,1
2025-06-29 10:12:26+00:00,0,0,0,0,0,0,0,21,2,0,0,2.356,14.108,25.5,0,1,88,100,0,14,0,50,44,50,1
2025-06-29 10:12:27+00:00,0,0,0,0,0,0,0,21,2,0,0,2.334,14.109,25.5,0,2,88,100,0,14,0,50,44,50,1
2025-06-29 10:12:28+00:00,0,0,0,0,0,0,0,21,2,0,0,2.373,14.112,25.5,0,2,88,100,0,14,0,50,44,50,1
2025-06-29 10:12:29+00:00,0,0,0,0,0,0,0,21,2,0,0,2.336,14.11,25.5,0,2,88,100,0,14,0,50,44,50,1
2025-06-29 10:12:30+00:00,0,0,0,0,0,0,0,21,2,0,0,2.334,14.109,25.5,0,2,88,100,0,14,0,50,44,50,1
2025-06-29 10:12:31+00:00,0,0,0,0,0,0,0,21,2,0,0,2.316,14.112,25.5,0,2,88,100,0,14,0,50,44,50,1
2025-06-29 10:12:32+00:00,0,0,0,0,0,0,0,21,2,0,0,2.305,14.109,25.5,0,2,88,100,0,14,0,50,44,50,1
2025-06-29 10:12:33+00:00,0,0,0,0,0,0,0,21,2,0,0,2.369,14.11,25.5,0,1,88,100,0,14,0,50,44,50,1
2025-06-29 10:12:34+00:00,0,0,0,0,0,0,0,21,2,0,0,2.306,14.109,25.5,0,2,88,100,0,14,0,50,44,50,1
2025-06-29 10:12:35+00:00,0,0,0,0,0,0,0,21,2,0,0,2.315,14.109,25.5,0,2,88,100,0,14,0,50,44,50,1
2025-06-29 10:12:36+00:00,0,0,0,0,0,0,0,21,2,0,0,2.324,14.112,25.5,0,2,88,100,0,14,0,50,44,50,1
2025-06-29 10:12:37+00:00,0,0,0,0,0,0,0,21,2,0,0,2.342,14.108,25.5,0,2,88,100,0,14,0,50,44,50,1
2025-06-29 10:12:38+00:00,0,0,0,0,0,0,0,21,2,0,0,2.309,14.111,25.5,0,2,88,100,0,14,0,50,44,50,1
2025-06-29 10:12:39+00:00,0,0,0,0,0,0,0,21,2,0,0,2.285,14.11,25.5,0,2,88,100,0,14,0,50,44,50,1
2025-06-29 10:12:40+00:00,0,0,0,0,0,0,0,21,2,0,0,2.271,14.11,25.5,0,1,88,100,0,14,0,50,44,50,1
2025-06-29 10:12:41+00:00,0,0,0,0,0,0,0,21,2,0,0,2.273,14.112,25.5,0,2,88,100,0,14,0,50,44,50,1
2025-06-29 10:12:42+00:00,0,0,0,0,0,0,0,21,2,0,0,2.288,14.111,25.5,0,2,88,100,0,14,0,50,44,50,1
2025-06-29 10:12:43+00:00,0,0,0,0,0,0,0,21,2,0,0,2.285,14.11,25.5,0,2,88,100,0,14,0,50,44,50,1
2025-06-29 10:12:44+00:00,0,0,0,0,0,0,0,21,2,0,0,2.288,14.112,25.5,0,1,88,100,0,14,0,50,44,50,1
2025-06-29 10:12:45+00:00,0,0,0,0,0,0,0,21,2,0,0,2.298,14.11,25.5,0,2,88,100,0,14,0,50,44,50,1
2025-06-29 10:12:46+00:00,0,0,0,0,0,0,0,21,2,0,0,2.312,14.109,25.5,0,1,88,100,0,14,0,50,44,50,1
2025-06-29 10:12:47+00:00,0,0,0,0,0,0,0,21,2,0,0,2.293,14.112,25.5,0,2,88,100,0,14,0,50,44,50,1
2025-06-29 10:12:48+00:00,0,0,0,0,0,0,0,21,2,0,0,2.316,14.111,25.5,0,2,88,100,0,14,0,50,44,50,1
2025-06-29 10:12:49+00:00,0,0,0,0,0,0,0,21,2,0,0,2.253,14.107,25.5,0,2,88,100,0,14,0,50,44,50,1
2025-06-29 10:12:50+00:00,0,0,0,0,0,0,0,21,2,0,0,2.297,14.112,25.5,0,2,88,100,0,14,0,50,44,50,1
2025-06-29 10:12:51+00:00,0,0,0,0,0,0,0,21,2,0,0,2.258,14.109,25.5,0,2,88,100,0,14,0,50,44,50,1
2025-06-29 10:12:52+00:00,0,0,0,0,0,0,0,21,2,0,0,2.262,14.113,25.5,0,2,88,100,0,14,0,50,44,50,1
2025-06-29 10:12:53+00:00,0,0,0,0,0,0,0,21,2,0,0,2.288,14.113,25.5,0,2,88,100,0,14,0,50,44,50,1
2025-06-29 10:12:54+00:00,0,0,0,0,0,0,0,21,2,0,0,2.252,14.112,25.5,0,2,88,100,0,14,0,50,44,50,1
2025-06-29 10:12:55+00:00,0,0,0,0,0,0,0,21,2,0,0,2.248,14.112,25.5,0,2,88,100,0,14,0,50,44,50,1
2025-06-29 10:12:56+00:00,0,0,0,0,0,0,0,21,2,0,0,2.236,14.109,25.5,0,1,88,100,0,14,0,50,44,50,1
2025-06-29 10:12:57+00:00,0,0,0,0,0,0,0,21,2,0,0,2.287,14.112,25.5,0,2,88,100,0,14,0,50,44,50,1
2025-06-29 10:12:58+00:00,0,0,0,0,0,0,0,21,2,0,0,2.24,14.109,25.5,0,2,88,100,0,14,0,50,44,50,1
2025-06-29 10:12:59+00:00,0,0,0,0,0,0,0,21,2,0,0,2.246,14.111,25.5,0,2,88,100,0,14,0,50,44,50,1
2025-06-29 10:13:00+00:00,0,0,0,0,0,0,0,21,2,0,0,2.27,14.111,25.5,0,2,88,100,0,14,0,50,44,50,1
2025-06-29 10:13:01+00:00,0,0,0,0,0,0,0,21,2,0,0,2.222,14.111,25.5,0,2,88,100,0,14,0,50,44,50,1
2025-06-29 10:13:02+00:00,0,0,0,0,0,0,0,21,2,0,0,2.226,14.109,25.5,0,2,88,100,0,14,0,50,44,50,1
2025-06-29 10:13:03+00:00,0,0,0,0,0,0,0,21,2,0,0,2.221,14.109,25.5,0,2,88,100,0,14,0,50,44,50,1
2025-06-29 10:13:04+00:00,0,0,0,0,0,0,0,21,2,0,0,2.213,14.11,25.5,0,2,88,100,0,14,0,50,44,50,1
2025-06-29 10:13:05+00:00,0,0,0,0,0,0,0,21,2,0,0,2.25,14.11,25.5,0,2,88,100,0,14,0,50,44,50,1
2025-06-29 10:13:06+00:00,0,0,0,0,0,0,0,21,2,0,0,2.23,14.109,25.5,0,2,88,100,0,14,0,50,44,50,1
2025-06-29 10:13:07+00:00,0,0,0,0,0,0,0,21,2,0,0,2.231,14.111,25.5,0,2,88,100,0,14,0,50,44,50,1
2025-06-29 10:13:08+00:00,0,0,0,0,0,0,0,21,2,0,0,2.177,14.109,25.5,0,2,88,100,0,14,0,50,44,50,1
2025-06-29 10:13:09+00:00,0,0,0,0,0,0,0,21,2,0,0,2.22,14.112,25.5,0,2,88,100,0,14,0,50,44,50,1
2025-06-29 10:13:10+00:00,0,0,0,0,0,0,0,21,2,0,0,2.19,14.11,25.5,0,2,88,100,0,14,0,50,44,50,1
2025-06-29 10:13:11+00:00,0,0,0,0,0,0,0,21,2,0,0,2.222,14.111,25.5,0,1,88,100,0,14,0,50,44,50,1
2025-06-29 10:13:12+00:00,0,0,0,0,0,0,0,21,2,0,0,2.194,14.11,25.5,0,2,88,100,0,14,0,50,44,50,1
2025-06-29 10:13:13+00:00,0,0,0,0,0,0,0,21,2,0,0,2.195,14.112,25.5,0,2,88,100,0,14,0,50,44,50,1
2025-06-29 10:13:14+00:00,0,0,0,0,0,0,0,21,2,0,0,2.208,14.108,25.5,0,2,88,100,0,14,0,50,44,50,1
2025-06-29 10:13:15+00:00,0,0,0,0,0,0,0,21,2,0,0,2.187,14.11,25.5,0,2,88,100,0,14,0,50,44,50,1
2025-06-29 10:13:16+00:00,0,0,0,0,0,0,0,21,2,0,0,2.203,14.109,25.5,0,2,88,100,0,14,0,50,44,50,1
2025-06-29 10:13:17+00:00,0,0,0,0,0,0,0,21,2,0,0,2.183,14.112,25.5,0,2,88,100,0,14,0,50,44,50,1
2025-06-29 10:13:18+00:00,0,0,0,0,0,0,0,21,2,0,0,2.197,14.112,25.5,0,2,88,100,0,14,0,50,44,50,1
2025-06-29 10:13:19+00:00,0,0,0,0,0,0,0,21,2,0,0,2.204,14.113,25.5,0,2,88,100,0,14,0,50,44,50,1
2025-06-29 10:13:20+00:00,0,0,0,0,0,0,0,21,2,0,0,2.19,14.113,25.5,0,2,88,100,0,14,0,50,44,50,1
2025-06-29 10:13:21+00:00,0,0,0,0,0,0,0,21,2,0,0,2.169,14.111,25.5,0,2,88,100,0,14,0,50,44,50,1
2025-06-29 10:13:22+00:00,0,0,0,0,0,0,0,21,2,0,0,2.164,14.109,25.5,0,1,88,100,0,14,0,50,44,50,1
2025-06-29 10:13:23+00:00,0,0,0,0,0,0,0,21,2,0,0,2.165,14.114,25.5,0,2,88,100,0,14,0,50,44,50,1
2025-06-29 10:13:24+00:00,0,0,0,0,0,0,0,21,2,0,0,2.164,14.111,25.5,0,2,88,100,0,14,0,50,44,50,1
2025-06-29 10:13:25+00:00,0,0,0,0,0,0,0,21,2,0,0,2.169,14.111,25.5,0,2,88,100,0,14,0,50,44,50,1
2025-06-29 10:13:26+00:00,0,0,0,0,0,0,0,21,2,0,0,2.155,14.109,25.5,0,2,88,100,0,14,0,50,44,50,1
2025-06-29 10:13:27+00:00,0,0,0,0,0,0,0,21,2,0,0,2.19,14.109,25.5,0,2,88,100,0,14,0,50,44,50,1
2025-06-29 10:13:28+00:00,0,0,0,0,0,0,0,21,2,0,0,2.168,14.112,25.5,0,1,88,100,0,14,0,50,44,50,1
2025-06-29 10:13:29+00:00,0,0,0,0,0,0,0,21,2,0,0,2.123,14.113,25.5,0,1,88,100,0,14,0,50,44,50,1
2025-06-29 10:13:30+00:00,0,0,0,0,0,0,0,21,2,0,0,2.164,14.11,25.5,0,2,88,100,0,14,0,50,44,50,1
2025-06-29 10:13:31+00:00,0,0,0,0,0,0,0,21,2,0,0,2.153,14.112,25.5,0,2,88,100,0,14,0,50,44,50,1
2025-06-29 10:13:32+00:00,0,0,0,0,0,0,0,21,2,0,0,2.178,14.112,25.5,0,2,88,100,0,14,0,50,44,50,1
2025-06-29 10:13:33+00:00,0,0,0,0,0,0,0,21,2,0,0,2.152,14.111,25.5,0,2,88,100,0,14,0,50,44,50,1
2025-06-29 10:13:34+00:00,0,0,0,0,0,0,0,21,2,0,0,2.154,14.114,25.5,0,2,88,100,0,14,0,50,44,50,1
2025-06-29 10:13:35+00:00,0,0,0,0,0,0,0,21,2,0,0,2.153,14.113,25.5,0,2,88,100,0,14,0,50,44,50,1
2025-06-29 10:13:36+00:00,0,0,0,0,0,0,0,21,2,0,0,2.161,14.113,25.5,0,2,88,100,0,14,0,50,44,50,1
2025-06-29 10:13:37+00:00,0,0,0,0,0,0,0,21,2,0,0,2.119,14.112,25.5,0,2,88,100,0,14,0,50,44,50,1
2025-06-29 10:13:38+00:00,0,0,0,0,0,0,0,21,2,0,0,2.118,14.111,25.5,0,2,88,100,0,14,0,50,44,50,1
2025-06-29 10:13:39+00:00,0,0,0,0,0,0,0,21,2,0,0,2.17,14.111,25.5,0,2,88,100,0,14,0,50,44,50,1
2025-06-29 10:13:40+00:00,0,0,0,0,0,0,0,21,2,0,0,2.143,14.114,25.5,0,2,88,100,0,14,0,50,44,50,1
2025-06-29 10:13:41+00:00,0,0,0,0,0,0,0,21,2,0,0,2.133,14.113,25.5,0,2,88,100,0,14,0,50,44,50,1
2025-06-29 10:13:42+00:00,0,0,0,0,0,0,0,21,2,0,0,2.154,14.113,25.5,0,1,88,100,0,14,0,50,44,50,1
2025-06-29 10:13:43+00:00,0,0,0,0,0,0,0,21,2,0,0,2.152,14.114,25.5,0,2,88,100,0,14,0,50,44,50,1
2025-06-29 10:13:44+00:00,0,0,0,0,0,0,0,21,2,0,0,2.139,14.113,25.5,0,2,88,100,0,14,0,50,44,50,1
2025-06-29 10:13:45+00:00,0,0,0,0,0,0,0,21,2,0,0,2.15,14.113,25.5,0,2,88,100,0,14,0,50,44,50,1
2025-06-29 10:13:46+00:00,0,0,0,0,0,0,0,21,2,0,0,2.139,14.114,25.5,0,2,88,100,0,14,0,50,44,50,1
2025-06-29 10:13:47+00:00,0,0,0,0,0,0,0,21,2,0,0,2.149,14.11,25.5,0,1,88,100,0,14,0,50,44,50,1
2025-06-29 10:13:48+00:00,0,0,0,0,0,0,0,21,2,0,0,2.112,14.112,25.5,0,2,88,100,0,14,0,50,44,50,1
2025-06-29 10:13:49+00:00,0,0,0,0,0,0,0,21,2,0,0,2.099,14.114,25.5,0,2,88,100,0,14,0,50,44,50,1
2025-06-29 10:13:50+00:00,0,0,0,0,0,0,0,21,2,0,0,2.13,14.111,25.5,0,2,88,100,0,14,0,50,44,50,1
2025-06-29 10:13:51+00:00,0,0,0,0,0,0,0,21,2,0,0,2.123,14.115,25.5,0,2,88,100,0,14,0,50,44,50,1
2025-06-29 10:13:52+00:00,0,0,0,0,0,0,0,21,2,0,0,2.13,14.111,25.5,0,2,88,100,0,14,0,50,44,50,1
2025-06-29 10:13:53+00:00,0,0,0,0,0,0,0,21,2,0,0,2.121,14.112,25.5,0,2,88,100,0,14,0,50,44,50,1
2025-06-29 10:13:54+00:00,0,0,0,0,0,0,0,21,2,0,0,2.118,14.11,25.5,0,2,88,100,0,14,0,50,44,50,1
2025-06-29 10:13:55+00:00,0,0,0,0,0,0,0,21,2,0,0,2.12,14.113,25.5,0,2,88,100,0,14,0,50,44,50,1
2025-06-29 10:13:56+00:00,0,0,0,0,0,0,0,21,2,0,0,2.104,14.111,25.5,0,1,88,100,0,14,0,50,44,50,1
2025-06-29 10:13:57+00:00,0,0,0,0,0,0,0,21,2,0,0,2.106,14.113,25.5,0,2,88,100,0,14,0,50,44,50,1
2025-06-29 10:13:58+00:00,0,0,0,0,0,0,0,21,2,0,0,2.092,14.112,25.5,0,2,88,100,0,14,0,50,44,50,1
2025-06-29 10:13:59+00:00,0,0,0,0,0,0,0,21,2,0,0,2.058,14.109,25.5,0,2,88,100,0,14,0,50,44,50,1
2025-06-29 10:14:00+00:00,0,0,0,0,0,0,0,21,2,0,0,2.098,14.114,25.5,0,2,88,100,0,14,0,50,44,50,1
2025-06-29 10:14:01+00:00,0,0,0,0,0,0,0,21,2,0,0,2.105,14.111,25.5,0,1,88,100,0,14,0,50,44,50,1
2025-06-29 10:14:02+00:00,0,0,0,0,0,0,0,21,2,0,0,2.107,14.112,25.5,0,2,88,100,0,14,0,50,44,50,1
2025-06-29 10:14:03+00:00,0,0,0,0,0,0,0,21,2,0,0,2.106,14.111,25.5,0,2,88,100,0,14,0,50,44,50,1
2025-06-29 10:14:04+00:00,0,0,0,0,0,0,0,21,2,0,0,2.069,14.113,25.5,0,2,88,100,0,14,0,50,44,50,1
2025-06-29 10:14:05+00:00,0,0,0,0,0,0,0,21,2,0,0,2.077,14.114,25.5,0,2,88,100,0,14,0,50,44,50,1
2025-06-29 10:14:06+00:00,0,0,0,0,0,0,0,21,2,0,0,2.087,14.116,25.5,0,1,88,100,0,14,0,50,44,50,1
2025-06-29 10:14:07+00:00,0,0,0,0,0,0,0,21,2,0,0,2.097,14.11,25.5,0,1,88,100,0,14,0,50,44,50,1
2025-06-29 10:14:08+00:00,0,0,0,0,0,0,0,21,2,0,0,2.1,14.113,25.5,0,2,88,100,0,14,0,50,44,50,1
2025-06-29 10:14:09+00:00,0,0,0,0,0,0,0,21,2,0,0,2.102,14.11,25.5,0,2,88,100,0,14,0,50,44,50,1
2025-06-29 10:14:10+00:00,0,0,0,0,0,0,0,21,2,0,0,2.047,14.113,25.5,0,2,88,100,0,14,0,50,44,50,1
2025-06-29 10:14:11+00:00,0,0,0,0,0,0,0,21,2,0,0,2.069,14.112,25.5,0,2,88,100,0,14,0,50,44,50,1
2025-06-29 10:14:12+00:00,0,0,0,0,0,0,0,21,2,0,0,2.081,14.113,25.5,0,2,88,100,0,14,0,50,44,50,1
2025-06-29 10:14:13+00:00,0,0,0,0,0,0,0,21,2,0,0,2.067,14.112,25.5,0,2,88,100,0,14,0,50,44,50,1
2025-06-29 10:14:14+00:00,0,0,0,0,0,0,0,21,2,0,0,2.037,14.111,25.5,0,2,88,100,0,14,0,50,44,50,1
2025-06-29 10:14:15+00:00,0,0,0,0,0,0,0,21,2,0,0,2.062,14.112,25.5,0,2,88,100,0,14,0,50,44,50,1
2025-06-29 10:14:16+00:00,0,0,0,0,0,0,0,21,2,0,0,2.052,14.11,25.5,0,1,88,100,0,14,0,50,44,50,1
2025-06-29 10:14:17+00:00,0,0,0,0,0,0,0,21,2,0,0,2.072,14.113,25.5,0,1,88,100,0,14,0,50,44,50,1
2025-06-29 10:14:18+00:00,0,0,0,0,0,0,0,21,2,0,0,2.069,14.112,25.5,0,2,88,100,0,14,0,50,44,50,1
2025-06-29 10:14:19+00:00,0,0,0,0,0,0,0,21,2,0,0,2.066,14.112,25.5,0,2,88,100,0,14,0,50,44,50,1
2025-06-29 10:14:20+00:00,0,0,0,0,0,0,0,21,2,0,0,2.061,14.111,25.5,0,2,88,100,0,14,0,50,44,50,1
2025-06-29 10:14:21+00:00,0,0,0,0,0,0,0,21,2,0,0,2.079,14.113,25.5,0,2,88,100,0,14,0,50,44,50,1
2025-06-29 10:14:22+00:00,0,0,0,0,0,0,0,21,2,0,0,2.095,14.113,25.5,0,2,88,100,0,14,0,50,44,50,1
2025-06-29 10:14:23+00:00,0,0,0,0,0,0,0,21,2,0,0,2.09,14.113,25.5,0,2,88,100,0,14,0,50,44,50,1
2025-06-29 10:14:24+00:00,0,0,0,0,0,0,0,21,2,0,0,2.041,14.112,25.5,0,2,88,100,0,14,0,50,44,50,1
2025-06-29 10:14:25+00:00,0,0,0,0,0,0,0,21,2,0,0,2.089,14.111,25.5,0,2,88,100,0,14,0,50,44,50,1
2025-06-29 10:14:26+00:00,0,0,0,0,0,0,0,21,2,0,0,2.065,14.112,25.5,0,1,88,100,0,14,0,50,44,50,1
2025-06-29 10:14:27+00:00,0,0,0,0,0,0,0,21,2,0,0,2.032,14.113,25.5,0,2,88,100,0,14,0,50,44,50,1
2025-06-29 10:14:28+00:00,0,0,0,0,0,0,0,21,2,0,0,2.046,14.111,25.5,0,1,88,100,0,14,0,50,44,50,1
2025-06-29 10:14:29+00:00,0,0,0,0,0,0,0,21,2,0,0,2.025,14.115,25.5,0,1,88,100,0,14,0,50,44,50,1
2025-06-29 10:14:30+00:00,0,0,0,0,0,0,0,21,2,0,0,2.032,14.117,25.5,0,2,88,100,0,14,0,50,44,50,1
2025-06-29 10:14:31+00:00,0,0,0,0,0,0,0,21,2,0,0,2.042,14.111,25.5,0,2,88,100,0,14,0,50,44,50,1
2025-06-29 10:14:32+00:00,0,0,0,0,0,0,0,21,2,0,0,2.046,14.112,25.5,0,1,88,100,0,14,0,50,44,50,1
2025-06-29 10:14:33+00:00,0,0,0,0,0,0,0,21,2,0,0,2.049,14.111,25.5,0,2,88,100,0,14,0,50,44,50,1
2025-06-29 10:14:34+00:00,0,0,0,0,0,0,0,21,2,0,0,2.066,14.112,25.5,0,2,88,100,0,14,0,50,44,50,1
2025-06-29 10:14:35+00:00,0,0,0,0,0,0,0,21,2,0,0,2.038,14.114,25.5,0,2,88,100,0,14,0,50,44,50,1
2025-06-29 10:14:36+00:00,0,0,0,0,0,0,0,21,2,0,0,2.043,14.112,25.5,0,2,88,100,0,14,0,50,44,50,1
2025-06-29 10:14:37+00:00,0,0,0,0,0,0,0,21,2,0,0,2.045,14.11,25.5,0,1,88,100,0,14,0,50,44,50,1
2025-06-29 10:14:38+00:00,0,0,0,0,0,0,0,21,2,0,0,2.047,14.113,25.5,0,2,88,100,0,14,0,50,44,50,1
2025-06-29 10:14:39+00:00,0,0,0,0,0,0,0,21,2,0,0,2.041,14.112,25.5,0,2,88,100,0,14,0,50,44,50,1
2025-06-29 10:14:40+00:00,0,0,0,0,0,0,0,21,2,0,0,2.019,14.113,25.5,0,2,88,100,0,14,0,50,44,50,1
2025-06-29 10:14:41+00:00,0,0,0,0,0,0,0,21,2,0,0,2.018,14.114,25.5,0,2,88,100,0,14,0,50,44,50,1
2025-06-29 10:14:42+00:00,0,0,0,0,0,0,0,21,2,0,0,2.026,14.112,25.5,0,2,88,100,0,14,0,50,44,50,1
2025-06-29 10:14:43+00:00,0,0,0,0,0,0,0,21,2,0,0,2.023,14.115,25.5,0,2,88,100,0,14,0,50,44,50,1
2025-06-29 10:14:44+00:00,0,0,0,0,0,0,0,21,2,0,0,2.04,14.114,25.5,0,2,88,100,0,14,0,50,44,50,1
2025-06-29 10:14:45+00:00,0,0,0,0,0,0,0,21,2,0,0,2.014,14.112,25.5,0,2,88,100,0,14,0,50,44,50,1
2025-06-29 10:14:46+00:00,0,0,0,0,0,0,0,21,2,0,0,2.031,14.114,25.5,0,2,88,100,0,14,0,50,44,50,1
2025-06-29 10:14:47+00:00,0,0,0,0,0,0,0,21,2,0,0,2.005,14.112,25.5,0,2,88,100,0,14,0,50,44,50,1
2025-06-29 10:14:48+00:00,0,0,0,0,0,0,0,21,2,0,0,2.022,14.113,25.5,0,2,88,100,0,14,0,50,44,50,1
2025-06-29 10:14:49+00:00,0,0,0,0,0,0,0,21,2,0,0,2.037,14.115,25.5,0,2,88,100,0,14,0,50,44,50,1
2025-06-29 10:14:50+00:00,0,0,0,0,0,0,0,21,2,0,0,2.04,14.111,25.5,0,2,88,100,0,14,0,50,44,50,1
2025-06-29 10:14:51+00:00,0,0,0,0,0,0,0,21,2,0,0,2.014,14.111,25.5,0,2,88,100,0,14,0,50,44,50,1
2025-06-29 10:14:52+00:00,0,0,0,0,0,0,0,21,2,0,0,2.025,14.113,25.5,0,2,88,100,0,14,0,50,44,50,1
2025-06-29 10:14:53+00:00,0,0,0,0,0,0,0,21,2,0,0,2.008,14.111,25.5,0,2,88,100,0,14,0,50,44,50,1
2025-06-29 10:14:54+00:00,0,0,0,0,0,0,0,21,2,0,0,2.02,14.115,25.5,0,2,88,100,0,14,0,50,44,50,1
2025-06-29 10:14:55+00:00,0,0,0,0,0,0,0,21,2,0,0,2.016,14.112,25.5,0,2,88,100,0,14,0,50,44,50,1
2025-06-29 10:14:56+00:00,0,0,0,0,0,0,0,21,2,0,0,2.002,14.112,25.5,0,1,88,100,0,14,0,50,44,50,1
2025-06-29 10:14:57+00:00,0,0,0,0,0,0,0,21,2,0,0,2.019,14.11,25.5,0,2,88,100,0,14,0,50,44,50,1
2025-06-29 10:14:58+00:00,0,0,0,0,0,0,0,21,2,0,0,2.034,14.112,25.5,0,2,88,100,0,14,0,50,44,50,1
2025-06-29 10:14:59+00:00,0,0,0,0,0,0,0,21,2,0,0,1.998,14.113,25.5,0,2,88,100,0,14,0,50,44,50,1
2025-06-29 10:15:00+00:00,0,0,0,0,0,0,0,21,2,0,0,2.034,14.111,25.5,0,2,88,100,0,14,0,50,44,50,1
2025-06-29 10:15:01+00:00,0,0,0,0,0,0,0,21,2,0,0,1.994,14.113,25.5,0,1,88,100,0,14,0,50,44.1,50,1
2025-06-29 10:15:02+00:00,0,0,0,0,0,0,0,21,2,0,0,2.014,14.113,25.5,0,2,88,100,0,14,0,50,44.1,50,1
2025-06-29 10:15:03+00:00,0,0,0,0,0,0,0,21,2,0,0,2.034,14.11,25.5,0,1,88,100,0,14,0,50,44.1,50,1
2025-06-29 10:15:04+00:00,0,0,0,0,0,0,0,21,2,0,0,2.015,14.111,25.5,0,2,88,100,0,14,0,50,44.1,50,1
2025-06-29 10:15:05+00:00,0,0,0,0,0,0,0,21,2,0,0,2.019,14.113,25.5,0,1,88,100,0,14,0,50,44.1,50,1
2025-06-29 10:15:06+00:00,0,0,0,0,0,0,0,21,2,0,0,2.001,14.112,25.5,0,2,88,100,0,14,0,50,44.1,50,1
2025-06-29 10:15:07+00:00,0,0,0,0,0,0,0,21,2,0,0,2.003,14.111,25.5,0,1,88,100,0,14,0,50,44.1,50,1
2025-06-29 10:15:08+00:00,0,0,0,0,0,0,0,21,2,0,0,1.993,14.11,25.5,0,2,88,100,0,14,0,50,44.1,50,1
2025-06-29 10:15:09+00:00,0,0,0,0,0,0,0,21,2,0,0,2,14.111,25.5,0,2,88,100,0,14,0,50,44.1,50,1
2025-06-29 10:15:10+00:00,0,0,0,0,0,0,0,21,2,0,0,1.988,14.112,25.5,0,2,88,100,0,14,0,50,44.1,50,1
2025-06-29 10:15:11+00:00,0,0,0,0,0,0,0,21,2,0,0,1.992,14.112,25.5,0,2,88,100,0,14,0,50,44.1,50,1
2025-06-29 10:15:12+00:00,0,0,0,0,0,0,0,21,2,0,0,1.995,14.113,25.5,0,2,88,100,0,14,0,50,44.1,50,1
2025-06-29 10:15:13+00:00,0,0,0,0,0,0,0,21,2,0,0,1.98,14.112,25.5,0,1,88,100,0,14,0,50,44.1,50,1
2025-06-29 10:15:14+00:00,0,0,0,0,0,0,0,21,2,0,0,1.993,14.11,25.5,0,1,88,100,0,14,0,50,44.1,50,1
2025-06-29 10:15:15+00:00,0,0,0,0,0,0,0,21,2,0,0,2.027,14.11,25.5,0,2,88,100,0,14,0,50,44.1,50,1
2025-06-29 10:15:16+00:00,0,0,0,0,0,0,0,21,2,0,0,2.017,14.113,25.5,0,2,88,100,0,14,0,50,44.1,50,1
2025-06-29 10:15:17+00:00,0,0,0,0,0,0,0,21,2,0,0,2.004,14.112,25.5,0,2,88,100,0,14,0,50,44.1,50,1
2025-06-29 10:15:18+00:00,0,0,0,0,0,0,0,21,2,0,0,2.003,14.111,25.5,0,2,88,100,0,14,0,50,44.1,50,1
2025-06-29 10:15:19+00:00,0,0,0,0,0,0,0,21,2,0,0,1.987,14.109,25.5,0,2,88,100,0,14,0,50,44.1,50,1
2025-06-29 10:15:20+00:00,0,0,0,0,0,0,0,21,2,0,0,2.021,14.112,25.5,0,2,88,100,0,14,0,50,44.1,50,1
2025-06-29 10:15:21+00:00,0,0,0,0,0,0,0,21,2,0,0,1.969,14.108,25.5,0,2,88,100,0,14,0,50,44.1,50,1
2025-06-29 10:15:22+00:00,0,0,0,0,0,0,0,21,2,0,0,1.998,14.106,25.5,0,2,88,100,0,14,0,50,44.1,50,1
2025-06-29 10:15:23+00:00,0,0,0,0,0,0,0,21,2,0,0,2.005,14.11,25.5,0,2,88,100,0,14,0,50,44.1,50,1
2025-06-29 10:15:24+00:00,0,0,0,0,0,0,0,21,2,0,0,1.962,14.11,25.5,0,2,88,100,0,14,0,50,44.1,50,1
2025-06-29 10:15:25+00:00,0,0,0,0,0,0,0,21,2,0,0,1.974,14.11,25.5,0,2,88,100,0,14,0,50,44.1,50,1
2025-06-29 10:15:26+00:00,0,0,0,0,0,0,0,21,2,0,0,2.011,14.111,25.5,0,2,88,100,0,14,0,50,44.1,50,1
2025-06-29 10:15:27+00:00,0,0,0,0,0,0,0,21,2,0,0,2.016,14.11,25.5,0,1,88,100,0,14,0,50,44.1,50,1
2025-06-29 10:15:28+00:00,0,0,0,0,0,0,0,21,2,0,0,1.983,14.113,25.5,0,2,88,100,0,14,0,50,44.1,50,1
2025-06-29 10:15:29+00:00,0,0,0,0,0,0,0,21,2,0,0,1.997,14.11,25.5,0,2,88,100,0,14,0,50,44.1,50,1
2025-06-29 10:15:30+00:00,0,0,0,0,0,0,0,21,2,0,0,1.986,14.111,25.5,0,2,88,100,0,14,0,50,44.1,50,1
2025-06-29 10:15:31+00:00,0,0,0,0,0,0,0,21,2,0,0,1.96,14.111,25.5,0,2,88,100,0,14,0,50,44.1,50,1
2025-06-29 10:15:32+00:00,0,0,0,0,0,0,0,21,2,0,0,1.972,14.114,25.5,0,2,88,100,0,14,0,50,44.1,50,1
2025-06-29 10:15:33+00:00,0,0,0,0,0,0,0,21,2,0,0,1.987,14.112,25.5,0,2,88,100,0,14,0,50,44.1,50,1
2025-06-29 10:15:34+00:00,0,0,0,0,0,0,0,21,2,0,0,1.984,14.112,25.5,0,2,88,100,0,14,0,50,44.1,50,1
2025-06-29 10:15:35+00:00,0,0,0,0,0,0,0,21,2,0,0,1.983,14.114,25.5,0,2,88,100,0,14,0,50,44.1,50,1
2025-06-29 10:15:36+00:00,0,0,0,0,0,0,0,21,2,0,0,1.981,14.11,25.5,0,2,88,100,0,14,0,50,44.1,50,1
2025-06-29 10:15:37+00:00,0,0,0,0,0,0,0,21,2,0,0,1.97,14.109,25.5,0,1,88,100,0,14,0,50,44.1,50,1
2025-06-29 10:15:38+00:00,0,0,0,0,0,0,0,21,2,0,0,1.956,14.11,25.5,0,1,88,100,0,14,0,50,44.1,50,1
2025-06-29 10:15:39+00:00,0,0,0,0,0,0,0,21,2,0,0,1.974,14.111,25.5,0,2,88,100,0,14,0,50,44.1,50,1
2025-06-29 10:15:40+00:00,0,0,0,0,0,0,0,21,2,0,0,1.971,14.113,25.5,0,2,88,100,0,14,0,50,44.1,50,1
2025-06-29 10:15:41+00:00,0,0,0,0,0,0,0,21,2,0,0,1.986,14.112,25.5,0,2,88,100,0,14,0,50,44.1,50,1
2025-06-29 10:15:42+00:00,0,0,0,0,0,0,0,21,2,0,0,1.924,14.11,25.5,0,2,88,100,0,14,0,50,44.1,50,1
2025-06-29 10:15:43+00:00,0,0,0,0,0,0,0,21,2,0,0,1.939,14.113,25.5,0,2,88,100,0,14,0,50,44.1,50,1
2025-06-29 10:15:44+00:00,0,0,0,0,0,0,0,21,2,0,0,1.955,14.112,25.5,0,2,88,100,0,14,0,50,44.1,50,1
2025-06-29 10:15:45+00:00,0,0,0,0,0,0,0,21,2,0,0,1.987,14.11,25.5,0,1,88,100,0,14,0,50,44.1,50,1
2025-06-29 10:15:46+00:00,0,0,0,0,0,0,0,21,2,0,0,1.99,14.113,25.5,0,2,88,100,0,14,0,50,44.1,50,1
2025-06-29 10:15:47+00:00,0,0,0,0,0,0,0,21,2,0,0,1.957,14.11,25.5,0,2,88,100,0,14,0,50,44.1,50,1
2025-06-29 10:15:48+00:00,0,0,0,0,0,0,0,21,2,0,0,1.958,14.11,25.5,0,2,88,100,0,14,0,50,44.1,50,1
2025-06-29 10:15:49+00:00,0,0,0,0,0,0,0,21,2,0,0,1.959,14.111,25.5,0,2,88,100,0,14,0,50,44.1,50,1
2025-06-29 10:15:50+00:00,0,0,0,0,0,0,0,21,2,0,0,1.968,14.111,25.5,0,2,88,100,0,14,0,50,44.1,50,1
2025-06-29 10:15:51+00:00,0,0,0,0,0,0,0,21,2,0,0,1.968,14.112,25.5,0,2,88,100,0,14,0,50,44.1,50,1
2025-06-29 10:15:52+00:00,0,0,0,0,0,0,0,21,2,0,0,1.955,14.109,25.5,0,1,88,100,0,14,0,50,44.1,50,1
2025-06-29 10:15:53+00:00,0,0,0,0,0,0,0,21,2,0,0,1.943,14.111,25.5,0,2,88,100,0,14,0,50,44.1,50,1
2025-06-29 10:15:54+00:00,0,0,0,0,0,0,0,21,2,0,0,1.943,14.112,25.5,0,2,88,100,0,14,0,50,44.1,50,1
2025-06-29 10:15:55+00:00,0,0,0,0,0,0,0,21,2,0,0,1.981,14.112,25.5,0,2,88,100,0,14,0,50,44.1,50,1
2025-06-29 10:15:56+00:00,0,0,0,0,0,0,0,21,2,0,0,1.976,14.111,25.5,0,2,88,100,0,14,0,50,44.1,50,1
2025-06-29 10:15:57+00:00,0,0,0,0,0,0,0,21,2,0,0,1.951,14.111,25.5,0,1,88,100,0,14,0,50,44.1,50,1
2025-06-29 10:15:58+00:00,0,0,0,0,0,0,0,21,2,0,0,1.973,14.111,25.5,0,2,88,100,0,14,0,50,44.1,50,1
2025-06-29 10:15:59+00:00,0,0,0,0,0,0,0,21,2,0,0,1.969,14.112,25.5,0,2,88,100,0,14,0,50,44.1,50,1
2025-06-29 10:16:00+00:00,0,0,0,0,0,0,0,21,2,0,0,1.955,14.113,25.5,0,2,88,100,0,14,0,50,44.1,50,1
2025-06-29 10:16:01+00:00,0,0,0,0,0,0,0,21,2,0,0,1.955,14.111,25.5,0,2,88,100,0,14,0,50,44.1,50,1
2025-06-29 10:16:02+00:00,0,0,0,0,0,0,0,21,2,0,0,1.969,14.113,25.5,0,2,88,100,0,14,0,50,44.1,50,1
2025-06-29 10:16:03+00:00,0,0,0,0,0,0,0,21,2,0,0,1.959,14.109,25.5,0,2,88,100,0,14,0,50,44.1,50,1
2025-06-29 10:16:04+00:00,0,0,0,0,0,0,0,21,2,0,0,1.944,14.111,25.5,0,2,88,100,0,14,0,50,44.1,50,1
2025-06-29 10:16:05+00:00,0,0,0,0,0,0,0,21,2,0,0,1.941,14.114,25.5,0,2,88,100,0,14,0,50,44.1,50,1
2025-06-29 10:16:06+00:00,0,0,0,0,0,0,0,21,2,0,0,1.923,14.111,25.5,0,2,88,100,0,14,0,50,44.1,50,1
2025-06-29 10:16:07+00:00,0,0,0,0,0,0,0,21,2,0,0,1.931,14.11,25.5,0,2,88,100,0,14,0,50,44.1,50,1
2025-06-29 10:16:08+00:00,0,0,0,0,0,0,0,21,2,0,0,1.956,14.112,25.5,0,2,88,100,0,14,0,50,44.1,50,1
2025-06-29 10:16:09+00:00,0,0,0,0,0,0,0,21,2,0,0,1.946,14.111,25.5,0,2,88,100,0,14,0,50,44.1,50,1
2025-06-29 10:16:10+00:00,0,0,0,0,0,0,0,21,2,0,0,1.955,14.11,25.5,0,2,88,100,0,14,0,50,44.1,50,1
2025-06-29 10:16:11+00:00,0,0,0,0,0,0,0,21,2,0,0,1.955,14.111,25.5,0,2,88,100,0,14,0,50,44.1,50,1
2025-06-29 10:16:12+00:00,0,0,0,0,0,0,0,21,2,0,0,1.969,14.11,25.5,0,2,88,100,0,14,0,50,44.1,50,1
2025-06-29 10:16:13+00:00,0,0,0,0,0,0,0,21,2,0,0,1.972,14.109,25.5,0,1,88,100,0,14,0,50,44.1,50,1
2025-06-29 10:16:14+00:00,0,0,0,0,0,0,0,21,2,0,0,1.94,14.109,25.5,0,2,88,100,0,14,0,50,44.1,50,1
2025-06-29 10:16:15+00:00,0,0,0,0,0,0,0,21,2,0,0,1.937,14.112,25.5,0,2,88,100,0,14,0,50,44.1,50,1
2025-06-29 10:16:16+00:00,0,0,0,0,0,0,0,21,2,0,0,1.952,14.113,25.5,0,2,88,100,0,14,0,50,44.1,50,1
2025-06-29 10:16:17+00:00,0,0,0,0,0,0,0,21,2,0,0,1.949,14.111,25.5,0,1,88,100,0,14,0,50,44.1,50,1
2025-06-29 10:16:18+00:00,0,0,0,0,0,0,0,21,2,0,0,1.948,14.112,25.5,0,1,88,100,0,14,0,50,44.1,50,1
2025-06-29 10:16:19+00:00,0,0,0,0,0,0,0,21,2,0,0,1.961,14.112,25.5,0,2,88,100,0,14,0,50,44.1,50,1
2025-06-29 10:16:20+00:00,0,0,0,0,0,0,0,21,2,0,0,1.954,14.113,25.5,0,2,88,100,0,14,0,50,44.1,50,1
2025-06-29 10:16:21+00:00,0,0,0,0,0,0,0,21,2,0,0,1.934,14.111,25.5,0,2,88,100,0,14,0,50,44.1,50,1
2025-06-29 10:16:22+00:00,0,0,0,0,0,0,0,21,2,0,0,1.949,14.113,25.5,0,2,88,100,0,14,0,50,44.1,50,1
2025-06-29 10:16:23+00:00,0,0,0,0,0,0,0,21,2,0,0,1.958,14.112,25.5,0,2,88,100,0,14,0,50,44.1,50,1
2025-06-29 10:16:24+00:00,0,0,0,0,0,0,0,21,2,0,0,1.937,14.112,25.5,0,2,88,100,0,14,0,50,44.1,50,1
2025-06-29 10:16:25+00:00,0,0,0,0,0,0,0,21,2,0,0,1.941,14.113,25.5,0,2,88,100,0,14,0,50,44.1,50,1
2025-06-29 10:16:26+00:00,0,0,0,0,0,0,0,21,2,0,0,1.928,14.11,25.5,0,2,88,100,0,14,0,50,44.1,50,1
2025-06-29 10:16:27+00:00,0,0,0,0,0,0,0,21,2,0,0,1.919,14.114,25.5,0,2,88,100,0,14,0,50,44.1,50,1
2025-06-29 10:16:28+00:00,0,0,0,0,0,0,0,21,2,0,0,1.923,14.11,25.5,0,2,88,100,0,14,0,50,44.1,50,1
2025-06-29 10:16:29+00:00,0,0,0,0,0,0,0,21,2,0,0,1.903,14.107,25.5,0,2,88,100,0,14,0,50,44.1,50,1
2025-06-29 10:16:30+00:00,0,0,0,0,0,0,0,21,2,0,0,1.925,14.111,25.5,0,2,88,100,0,14,0,50,44.1,50,1
2025-06-29 10:16:31+00:00,0,0,0,0,0,0,0,21,2,0,0,1.933,14.109,25.5,0,2,88,100,0,14,0,50,44.1,50,1
2025-06-29 10:16:32+00:00,0,0,0,0,0,0,0,21,2,0,0,1.914,14.112,25.5,0,2,88,100,0,14,0,50,44.1,50,1
2025-06-29 10:16:33+00:00,0,0,0,0,0,0,0,21,2,0,0,1.933,14.112,25.5,0,2,88,100,0,14,0,50,44.1,50,1
2025-06-29 10:16:34+00:00,0,0,0,0,0,0,0,21,2,0,0,1.946,14.113,25.5,0,2,88,100,0,14,0,50,44.1,50,1
2025-06-29 10:16:35+00:00,0,0,0,0,0,0,0,21,2,0,0,1.94,14.109,25.5,0,2,88,100,0,14,0,50,44.1,50,1
2025-06-29 10:16:36+00:00,0,0,0,0,0,0,0,21,2,0,0,1.913,14.109,25.5,0,2,88,100,0,14,0,50,44.1,50,1
2025-06-29 10:16:37+00:00,0,0,0,0,0,0,0,21,2,0,0,1.933,14.111,25.5,0,1,88,100,0,14,0,50,44.1,50,1
2025-06-29 10:16:38+00:00,0,0,0,0,0,0,0,21,2,0,0,1.936,14.109,25.5,0,2,88,100,0,14,0,50,44.1,50,1
2025-06-29 10:16:39+00:00,0,0,0,0,0,0,0,21,2,0,0,1.915,14.108,25.5,0,1,88,100,0,14,0,50,44.1,50,1
2025-06-29 10:16:40+00:00,0,0,0,0,0,0,0,21,2,0,0,1.925,14.11,25.5,0,2,88,100,0,14,0,50,44.1,50,1
2025-06-29 10:16:41+00:00,0,0,0,0,0,0,0,21,2,0,0,1.922,14.11,25.5,0,2,88,100,0,14,0,50,44.1,50,1
2025-06-29 10:16:42+00:00,0,0,0,0,0,0,0,21,2,0,0,1.918,14.112,25.5,0,1,88,100,0,14,0,50,44.1,50,1
2025-06-29 10:16:43+00:00,0,0,0,0,0,0,0,21,2,0,0,1.91,14.111,25.5,0,2,88,100,0,14,0,50,44.1,50,1
2025-06-29 10:16:44+00:00,0,0,0,0,0,0,0,21,2,0,0,1.94,14.109,25.5,0,2,88,100,0,14,0,50,44.1,50,1
2025-06-29 10:16:45+00:00,0,0,0,0,0,0,0,21,2,0,0,1.935,14.109,25.5,0,2,88,100,0,14,0,50,44.1,50,1
2025-06-29 10:16:46+00:00,0,0,0,0,0,0,0,21,2,0,0,1.923,14.112,25.5,0,1,88,100,0,14,0,50,44.1,50,1
2025-06-29 10:16:47+00:00,0,0,0,0,0,0,0,21,2,0,0,1.904,14.109,25.5,0,2,88,100,0,14,0,50,44.1,50,1
2025-06-29 10:16:48+00:00,0,0,0,0,0,0,0,21,2,0,0,1.923,14.11,25.5,0,2,88,100,0,14,0,50,44.1,50,1
2025-06-29 10:16:49+00:00,0,0,0,0,0,0,0,21,2,0,0,1.923,14.114,25.5,0,2,88,100,0,14,0,50,44.1,50,1
2025-06-29 10:16:50+00:00,0,0,0,0,0,0,0,21,2,0,0,1.911,14.11,25.5,0,2,88,100,0,14,0,50,44.1,50,1
2025-06-29 10:16:51+00:00,0,0,0,0,0,0,0,21,2,0,0,1.9,14.111,25.5,0,2,88,100,0,14,0,50,44.1,50,1
2025-06-29 10:16:52+00:00,0,0,0,0,0,0,0,21,2,0,0,1.922,14.112,25.5,0,2,88,100,0,14,0,50,44.1,50,1
2025-06-29 10:16:53+00:00,0,0,0,0,0,0,0,21,2,0,0,1.927,14.113,25.5,0,2,88,100,0,14,0,50,44.1,50,1
2025-06-29 10:16:54+00:00,0,0,0,0,0,0,0,21,2,0,0,1.917,14.109,25.5,0,1,88,100,0,14,0,50,44.1,50,1
2025-06-29 10:16:55+00:00,0,0,0,0,0,0,0,21,2,0,0,1.915,14.112,25.5,0,2,88,100,0,14,0,50,44.1,50,1
2025-06-29 10:16:56+00:00,0,0,0,0,0,0,0,21,2,0,0,1.916,14.113,25.5,0,2,88,100,0,14,0,50,44.1,50,1
2025-06-29 10:16:57+00:00,0,0,0,0,0,0,0,21,2,0,0,1.915,14.113,25.5,0,2,88,100,0,14,0,50,44.1,50,1
2025-06-29 10:16:58+00:00,0,0,0,0,0,0,0,21,2,0,0,1.919,14.113,25.5,0,2,88,100,0,14,0,50,44.1,50,1
2025-06-29 10:16:59+00:00,0,0,0,0,0,0,0,21,2,0,0,1.939,14.114,25.5,0,2,88,100,0,14,0,50,44.1,50,1
2025-06-29 10:17:00+00:00,0,0,0,0,0,0,0,21,2,0,0,1.921,14.11,25.5,0,2,88,100,0,14,0,50,44.1,50,1
2025-06-29 10:17:01+00:00,0,0,0,0,0,0,0,21,2,0,0,1.886,14.109,25.5,0,2,88,100,0,14,0,50,44.1,50,1
2025-06-29 10:17:02+00:00,0,0,0,0,0,0,0,21,2,0,0,1.927,14.111,25.5,0,2,88,100,0,14,0,50,44.1,50,1
2025-06-29 10:17:03+00:00,0,0,0,0,0,0,0,21,2,0,0,1.933,14.114,25.5,0,2,88,100,0,14,0,50,44.1,50,1
2025-06-29 10:17:04+00:00,0,0,0,0,0,0,0,21,2,0,0,1.895,14.111,25.5,0,2,88,100,0,14,0,50,44.1,50,1
2025-06-29 10:17:05+00:00,0,0,0,0,0,0,0,21,2,0,0,1.934,14.112,25.5,0,2,88,100,0,14,0,50,44.1,50,1
2025-06-29 10:17:06+00:00,0,0,0,0,0,0,0,21,2,0,0,1.914,14.111,25.5,0,2,88,100,0,14,0,50,44.1,50,1
2025-06-29 10:17:07+00:00,0,0,0,0,0,0,0,21,2,0,0,1.914,14.11,25.5,0,2,88,100,0,14,0,50,44.1,50,1
2025-06-29 10:17:08+00:00,0,0,0,0,0,0,0,21,2,0,0,1.93,14.11,25.5,0,2,88,100,0,14,0,50,44.1,50,1
2025-06-29 10:17:09+00:00,0,0,0,0,0,0,0,21,2,0,0,1.901,14.113,25.5,0,2,88,100,0,14,0,50,44.1,50,1
2025-06-29 10:17:10+00:00,0,0,0,0,0,0,0,21,2,0,0,1.911,14.108,25.5,0,2,88,100,0,14,0,50,44.1,50,1
2025-06-29 10:17:11+00:00,0,0,0,0,0,0,0,21,2,0,0,1.883,14.11,25.5,0,2,88,100,0,14,0,50,44.1,50,1
2025-06-29 10:17:12+00:00,0,0,0,0,0,0,0,21,2,0,0,1.903,14.112,25.5,0,2,88,100,0,14,0,50,44.1,50,1
2025-06-29 10:17:13+00:00,0,0,0,0,0,0,0,21,2,0,0,1.912,14.115,25.5,0,2,88,100,0,14,0,50,44.1,50,1
2025-06-29 10:17:14+00:00,0,0,0,0,0,0,0,21,2,0,0,1.914,14.111,25.5,0,2,88,100,0,14,0,50,44.1,50,1
2025-06-29 10:17:15+00:00,0,0,0,0,0,0,0,21,2,0,0,1.907,14.112,25.5,0,2,88,100,0,14,0,50,44.1,50,1
2025-06-29 10:17:16+00:00,0,0,0,0,0,0,0,21,2,0,0,1.903,14.111,25.5,0,2,88,100,0,14,0,50,44.1,50,1
2025-06-29 10:17:17+00:00,0,0,0,0,0,0,0,21,2,0,0,1.914,14.114,25.5,0,2,88,100,0,14,0,50,44.1,50,1
2025-06-29 10:17:18+00:00,0,0,0,0,0,0,0,21,2,0,0,1.902,14.113,25.5,0,1,88,100,0,14,0,50,44.1,50,1
2025-06-29 10:17:19+00:00,0,0,0,0,0,0,0,21,2,0,0,1.882,14.111,25.5,0,1,88,100,0,14,0,50,44.1,50,1
2025-06-29 10:17:20+00:00,0,0,0,0,0,0,0,21,2,0,0,1.905,14.111,25.5,0,2,88,100,0,14,0,50,44.1,50,1
2025-06-29 10:17:21+00:00,0,0,0,0,0,0,0,21,2,0,0,1.9,14.11,25.5,0,2,88,100,0,14,0,50,44.1,50,1
2025-06-29 10:17:22+00:00,0,0,0,0,0,0,0,21,2,0,0,1.883,14.11,25.5,0,2,88,100,0,14,0,50,44.1,50,1
2025-06-29 10:17:23+00:00,0,0,0,0,0,0,0,21,2,0,0,1.887,14.111,25.5,0,2,88,100,0,14,0,50,44.1,50,1
2025-06-29 10:17:24+00:00,0,0,0,0,0,0,0,21,2,0,0,1.927,14.11,25.5,0,2,88,100,0,14,0,50,44.1,50,1
2025-06-29 10:17:25+00:00,0,0,0,0,0,0,0,21,2,0,0,1.924,14.114,25.5,0,2,88,100,0,14,0,50,44.1,50,1
2025-06-29 10:17:26+00:00,0,0,0,0,0,0,0,21,2,0,0,1.945,14.112,25.5,0,2,88,100,0,14,0,50,44.1,50,1
2025-06-29 10:17:27+00:00,0,0,0,0,0,0,0,21,2,0,0,1.892,14.112,25.5,0,2,88,100,0,14,0,50,44.1,50,1
2025-06-29 10:17:28+00:00,0,0,0,0,0,0,0,21,2,0,0,1.895,14.111,25.5,0,2,88,100,0,14,0,50,44.1,50,1
2025-06-29 10:17:29+00:00,0,0,0,0,0,0,0,21,2,0,0,1.901,14.115,25.5,0,2,88,100,0,14,0,50,44.1,50,1
2025-06-29 10:17:30+00:00,0,0,0,0,0,0,0,21,2,0,0,1.916,14.114,25.5,0,1,88,100,0,14,0,50,44.1,50,1
2025-06-29 10:17:31+00:00,0,0,0,0,0,0,0,21,2,0,0,1.882,14.112,25.5,0,2,88,100,0,14,0,50,44.1,50,1
2025-06-29 10:17:32+00:00,0,0,0,0,0,0,0,21,2,0,0,1.906,14.114,25.5,0,2,88,100,0,14,0,50,44.1,50,1
2025-06-29 10:17:33+00:00,0,0,0,0,0,0,0,21,2,0,0,1.86,14.112,25.5,0,2,88,100,0,14,0,50,44.1,50,1
2025-06-29 10:17:34+00:00,0,0,0,0,0,0,0,21,2,0,0,1.884,14.113,25.5,0,2,88,100,0,14,0,50,44.1,50,1
2025-06-29 10:17:35+00:00,0,0,0,0,0,0,0,21,2,0,0,1.883,14.112,25.5,0,2,88,100,0,14,0,50,44.1,50,1
2025-06-29 10:17:36+00:00,0,0,0,0,0,0,0,21,2,0,0,1.888,14.112,25.5,0,2,88,100,0,14,0,50,44.1,50,1
2025-06-29 10:17:37+00:00,0,0,0,0,0,0,0,21,2,0,0,1.888,14.114,25.5,0,2,88,100,0,14,0,50,44.1,50,1
2025-06-29 10:17:38+00:00,0,0,0,0,0,0,0,21,2,0,0,1.902,14.113,25.5,0,1,88,100,0,14,0,50,44.1,50,1
2025-06-29 10:17:39+00:00,0,0,0,0,0,0,0,21,2,0,0,1.899,14.115,25.5,0,2,88,100,0,14,0,50,44.1,50,1
2025-06-29 10:17:40+00:00,0,0,0,0,0,0,0,21,2,0,0,1.898,14.115,25.5,0,2,88,100,0,14,0,50,44.1,50,1
2025-06-29 10:17:41+00:00,0,0,0,0,0,0,0,21,2,0,0,1.908,14.112,25.5,0,2,88,100,0,14,0,50,44.1,50,1
2025-06-29 10:17:42+00:00,0,0,0,0,0,0,0,21,2,0,0,1.894,14.112,25.5,0,1,88,100,0,14,0,50,44.1,50,1
2025-06-29 10:17:43+00:00,0,0,0,0,0,0,0,21,2,0,0,1.888,14.113,25.5,0,2,88,100,0,14,0,50,44.1,50,1
2025-06-29 10:17:44+00:00,0,0,0,0,0,0,0,21,2,0,0,1.897,14.114,25.5,0,1,88,100,0,14,0,50,44.1,50,1
2025-06-29 10:17:45+00:00,0,0,0,0,0,0,0,21,2,0,0,1.887,14.113,25.5,0,2,88,100,0,14,0,50,44.1,50,1
2025-06-29 10:17:46+00:00,0,0,0,0,0,0,0,21,2,0,0,1.888,14.112,25.5,0,2,88,100,0,14,0,50,44.1,50,1
2025-06-29 10:17:47+00:00,0,0,0,0,0,0,0,21,2,0,0,1.888,14.115,25.5,0,2,88,100,0,14,0,50,44.1,50,1
2025-06-29 10:17:48+00:00,0,0,0,0,0,0,0,21,2,0,0,1.857,14.111,25.5,0,2,88,100,0,14,0,50,44.1,50,1
2025-06-29 10:17:49+00:00,0,0,0,0,0,0,0,21,2,0,0,-13.306,13.193,25.5,0,2,88,100,0,14,0,50,44.1,50,1
2025-06-29 10:17:50+00:00,0,0,0,0,0,0,0,21,2,0,0,-14.867,12.886,25.5,0,2,88,100,0,14,0,50,44.1,50,1
2025-06-29 10:17:51+00:00,0,0,0,0,0,0,0,21,2,0,0,-14.982,12.834,25.5,0,2,88,100,0,14,0,50,44.1,50,1
2025-06-29 10:17:52+00:00,0,0,0,0,0,0,0,21,2,0,0,-14.916,12.787,25.5,0,2,88,100,0,14,0,50,44.1,50,1
2025-06-29 10:17:53+00:00,1,0,0,0,0,0,0,21,2,0,0,-15.118,12.744,25.5,0,2,88,100,0,14,0,50,44.1,50,1
2025-06-29 10:17:54+00:00,1,0,0,0,0,0,0,21,2,0,0,-15.38,12.701,25.5,0,2,88,100,0,14,0,50,44.1,50,1
2025-06-29 10:17:55+00:00,1,0,0,0,0,0,0,21,2,0,0,-15.243,12.672,25.5,0,2,88,100,0,14,0,50,44.1,50,1
2025-06-29 10:17:56+00:00,1,0,0,0,0,0,0,21,2,0,0,-14.211,12.656,25.5,0,2,88,100,0,14,0,50,44.1,50,1
2025-06-29 10:17:57+00:00,1,0,0,0,0,0,0,21,2,0,0,-13.004,12.653,25.5,0,2,88,100,0,14,0,50,44.1,50,1
2025-06-29 10:17:58+00:00,1,0,0,0,0,0,0,21,2,0,0,-13.011,12.639,25.5,0,2,88,100,0,14,0,50,44.1,50,1
2025-06-29 10:17:59+00:00,1,0,0,0,0,0,0,21,2,0,0,-13.031,12.625,25.5,0,2,88,100,0,14,0,50,44.1,50,1
2025-06-29 10:18:00+00:00,1,0,0,0,0,0,0,21,2,0,0,-13.013,12.613,25.5,0,2,88,100,0,14,0,50,44.1,50,1
2025-06-29 10:18:01+00:00,1,0,0,0,0,0,0,21,2,0,0,-12.11,12.613,25.5,0,2,88,100,0,14,0,50,44.1,50,1
2025-06-29 10:18:02+00:00,1,0,0,0,0,0,0,21,2,0,0,-12.122,12.605,25.5,0,2,88,100,0,14,0,50,44.1,50,1
2025-06-29 10:18:03+00:00,1,0,0,0,0,0,0,21,2,0,0,-12.08,12.599,25.5,0,2,88,100,0,14,0,50,44.1,50,1
2025-06-29 10:18:04+00:00,1,0,0,0,0,0,0,21,2,0,0,-12.071,12.592,25.5,0,2,88,100,0,14,0,50,44.1,50,1
2025-06-29 10:18:05+00:00,1,0,0,0,0,0,0,21,2,0,0,-12.107,12.586,25.5,0,2,88,100,0,14,0,50,44.1,50,1
2025-06-29 10:18:06+00:00,1,0,0,0,0,0,0,21,2,0,0,-12.137,12.58,25.5,0,2,88,100,0,14,0,50,44.1,50,1
2025-06-29 10:18:07+00:00,1,0,0,0,0,0,0,21,2,0,0,-12.215,12.572,25.5,0,2,88,100,0,14,0,50,44.1,50,1
2025-06-29 10:18:08+00:00,1,0,0,0,0,0,0,21,2,0,0,-12.084,12.57,25.5,0,2,88,100,0,14,0,50,44.1,50,1
2025-06-29 10:18:09+00:00,1,0,0,0,0,0,0,21,2,0,0,-12.111,12.564,25.5,0,2,88,100,0,14,0,50,44.1,50,1
2025-06-29 10:18:10+00:00,1,0,0,0,0,0,0,21,2,0,0,-12.099,12.561,25.5,0,2,88,100,0,14,0,50,44.1,50,1
2025-06-29 10:18:11+00:00,1,0,0,0,0,0,0,21,2,0,0,-12.134,12.557,25.5,0,2,88,100,0,14,0,50,44.1,50,1
2025-06-29 10:18:12+00:00,1,0,0,0,0,0,0,21,2,0,0,-12.125,12.553,25.5,0,2,88,100,0,14,0,50,44.1,50,1
2025-06-29 10:18:13+00:00,1,0,0,0,0,0,0,21,2,0,0,-12.109,12.55,25.5,0,2,88,100,0,14,0,50,44.1,50,1
2025-06-29 10:18:14+00:00,1,0,0,0,0,0,0,21,2,0,0,-12.103,12.547,25.5,0,2,88,100,0,14,0,50,44.1,50,1
2025-06-29 10:18:15+00:00,1,0,0,0,0,0,0,21,2,0,0,-12.127,12.543,25.5,0,2,88,100,0,14,0,50,44.1,50,1
2025-06-29 10:18:16+00:00,1,0,0,0,0,0,0,21,2,0,0,-12.117,12.541,25.5,0,2,88,100,0,14,0,50,44.1,50,1
2025-06-29 10:18:17+00:00,1,0,0,0,0,0,0,21,2,0,0,-12.127,12.538,25.5,0,2,88,100,0,14,0,50,44.1,50,1
2025-06-29 10:18:18+00:00,1,0,0,0,0,0,0,21,2,0,0,-12.134,12.535,25.5,0,2,88,100,0,14,0,50,44.1,50,1
2025-06-29 10:18:19+00:00,1,0,0,0,0,0,0,21,2,0,0,-12.131,12.533,25.5,0,2,88,100,0,14,0,50,44.1,50,1
2025-06-29 10:18:20+00:00,1,0,0,0,0,0,0,21,2,0,0,-12.116,12.531,25.5,0,2,88,100,0,14,0,50,44.1,50,1
2025-06-29 10:18:21+00:00,1,0,0,0,0,0,0,21,2,0,0,-12.124,12.529,25.5,0,2,88,100,0,14,0,50,44.1,50,1
2025-06-29 10:18:22+00:00,1,0,0,0,0,0,0,21,2,0,0,-12.138,12.526,25.5,0,2,88,100,0,14,0,50,44.1,50,1
2025-06-29 10:18:23+00:00,1,0,0,0,0,0,0,21,2,0,0,-12.113,12.525,25.5,0,2,88,100,0,14,0,50,44.1,50,1
2025-06-29 10:18:24+00:00,1,0,0,0,0,0,0,21,2,0,0,-12.142,12.522,25.5,0,2,88,100,0,14,0,50,44.1,50,1
2025-06-29 10:18:25+00:00,1,0,0,0,0,0,0,21,2,0,0,-12.138,12.52,25.5,0,2,88,100,0,14,0,50,44.1,50,1
2025-06-29 10:18:26+00:00,1,0,0,0,0,0,0,21,2,0,0,-12.128,12.519,25.5,0,2,88,100,0,14,0,50,44.1,50,1
2025-06-29 10:18:27+00:00,1,0,0,0,0,0,0,21,2,0,0,-12.529,12.513,25.5,0,2,88,100,0,14,0,50,44.1,50,1
2025-06-29 10:18:28+00:00,1,0,0,0,0,0,0,21,2,0,0,-12.139,12.515,25.5,0,2,88,100,0,14,0,50,44.1,50,1
2025-06-29 10:18:29+00:00,1,0,0,0,0,0,0,21,2,0,0,-12.131,12.514,25.5,0,2,88,100,0,14,0,50,44.1,50,1
2025-06-29 10:18:30+00:00,1,0,0,0,0,0,0,21,2,0,0,-12.167,12.512,25.5,0,2,88,100,0,14,0,50,44.1,50,1
2025-06-29 10:18:31+00:00,1,0,0,0,0,0,0,21,2,0,0,-12.132,12.51,25.5,0,2,88,100,0,14,0,50,44.1,50,1
2025-06-29 10:18:32+00:00,1,0,0,0,0,0,0,21,2,0,0,-12.173,12.509,25.5,0,2,88,100,0,14,0,50,44.1,50,1
2025-06-29 10:18:33+00:00,1,0,0,0,0,0,0,21,2,0,0,-12.131,12.508,25.5,0,2,88,100,0,14,0,50,44.1,50,1
2025-06-29 10:18:34+00:00,1,0,0,0,0,0,0,21,2,0,0,-12.128,12.506,25.5,0,2,88,100,0,14,0,50,44.1,50,1
2025-06-29 10:18:35+00:00,1,0,0,0,0,0,0,21,2,0,0,-12.133,12.505,25.5,0,2,88,100,0,14,0,50,44.1,50,1
2025-06-29 10:18:36+00:00,1,0,0,0,0,0,0,21,2,0,0,-12.177,12.503,25.5,0,2,88,100,0,14,0,50,44.1,50,1
2025-06-29 10:18:37+00:00,1,0,0,0,0,0,0,21,2,0,0,-12.147,12.503,25.5,0,2,88,100,0,14,0,50,44.1,50,1
2025-06-29 10:18:38+00:00,1,0,0,0,0,0,0,21,2,0,0,-12.142,12.501,25.5,0,2,88,100,0,14,0,50,44.1,50,1
2025-06-29 10:18:39+00:00,1,0,0,0,0,0,0,21,2,0,0,-12.147,12.5,25.5,0,2,88,100,0,14,0,50,44.1,50,1
2025-06-29 10:18:40+00:00,1,0,0,0,0,0,0,21,2,0,0,-12.144,12.499,25.5,0,2,88,100,0,14,0,50,44.1,50,1
2025-06-29 10:18:41+00:00,1,0,0,0,0,0,0,21,2,0,0,-12.156,12.498,25.5,0,2,88,100,0,14,0,50,44.1,50,1
2025-06-29 10:18:42+00:00,1,0,0,0,0,0,0,21,2,0,0,-12.163,12.497,25.5,0,2,88,100,0,14,0,50,44.1,50,1
2025-06-29 10:18:43+00:00,1,0,0,0,0,0,0,21,2,0,0,-12.18,12.495,25.5,0,2,88,100,0,14,0,50,44.1,50,1
2025-06-29 10:18:44+00:00,1,0,0,0,0,0,0,21,2,0,0,-12.175,12.495,25.5,0,2,88,100,0,14,0,50,44,50,1
2025-06-29 10:18:45+00:00,1,0,0,0,0,0,0,21,2,0,0,-12.159,12.494,25.5,0,2,88,100,0,14,0,50,44,50,1
2025-06-29 10:18:46+00:00,1,0,0,0,0,0,0,21,2,0,0,-12.153,12.493,25.5,0,2,88,100,0,14,0,50,44,50,1
2025-06-29 10:18:47+00:00,1,0,0,0,0,0,0,21,2,0,0,-12.169,12.492,25.5,0,2,88,100,0,14,0,50,44,50,1
2025-06-29 10:18:48+00:00,1,0,0,0,0,0,0,21,2,0,0,-12.493,12.487,25.5,0,2,88,100,0,14,0,50,44,50,1
2025-06-29 10:18:49+00:00,1,0,0,0,0,0,0,21,2,0,0,-12.144,12.49,25.5,0,2,88,100,0,14,0,50,44,50,1
2025-06-29 10:18:50+00:00,1,0,0,0,0,0,0,21,2,0,0,-12.143,12.489,25.5,0,2,88,100,0,14,0,50,44,50,1
2025-06-29 10:18:51+00:00,1,0,0,0,0,0,0,21,2,0,0,-12.159,12.488,25.5,0,2,88,100,0,14,0,50,44,50,1
2025-06-29 10:18:52+00:00,1,0,0,0,0,0,0,21,2,0,0,-12.176,12.487,25.5,0,2,88,100,0,14,0,50,44,50,1
2025-06-29 10:18:53+00:00,1,0,0,0,0,0,0,21,2,0,0,-12.206,12.486,25.5,0,2,88,100,0,14,0,50,44,50,1
2025-06-29 10:18:54+00:00,1,0,0,0,0,0,0,21,2,0,0,-12.153,12.486,25.5,0,2,88,100,0,14,0,50,44,50,1
2025-06-29 10:18:55+00:00,1,0,0,0,0,0,0,21,2,0,0,-12.136,12.485,25.5,0,2,88,100,0,14,0,50,44,50,1
2025-06-29 10:18:56+00:00,1,0,0,0,0,0,0,21,2,0,0,-12.154,12.484,25.5,0,2,88,100,0,14,0,50,44,50,1
2025-06-29 10:18:57+00:00,1,0,0,0,0,0,0,21,2,0,0,-12.163,12.484,25.5,0,2,88,100,0,14,0,50,44,50,1
2025-06-29 10:18:58+00:00,1,0,0,0,0,0,0,21,2,0,0,-12.157,12.483,25.5,0,2,88,100,0,14,0,50,44,50,1
2025-06-29 10:18:59+00:00,1,0,0,0,0,0,0,21,2,0,0,-12.149,12.483,25.5,0,2,88,100,0,14,0,50,44,50,1