cycle_start,cycle_end,source_file,cycle_id,cycle_idx,duration_s,V_peak_charge,V_mean_charge,V_tail_mean,time_absorption_s,I_bulk_mean,I_min,soc_start_pct,soc_end_pct,soc_gain_pct,t80_s,Ah_in,Ah_out_prev,R_dyn_ohm,target_soh1,IBS_BatteryVoltage__mean,IBS_BatteryVoltage__median,IBS_BatteryVoltage__std,IBS_BatteryVoltage__min,IBS_BatteryVoltage__max,IBS_BatteryVoltage__p10,IBS_BatteryVoltage__p90,IBS_BatteryVoltage__first,IBS_BatteryVoltage__last,IBS_BatteryCurrent__mean,IBS_BatteryCurrent__median,IBS_BatteryCurrent__std,IBS_BatteryCurrent__min,IBS_BatteryCurrent__max,IBS_BatteryCurrent__p10,IBS_BatteryCurrent__p90,IBS_BatteryCurrent__first,IBS_BatteryCurrent__last,IBS_BatteryTemperature__mean,IBS_BatteryTemperature__median,IBS_BatteryTemperature__std,IBS_BatteryTemperature__min,IBS_BatteryTemperature__max,IBS_BatteryTemperature__p10,IBS_BatteryTemperature__p90,IBS_BatteryTemperature__first,IBS_BatteryTemperature__last,IBS_StateOfCharge__mean,IBS_StateOfCharge__median,IBS_StateOfCharge__std,IBS_StateOfCharge__min,IBS_StateOfCharge__max,IBS_StateOfCharge__p10,IBS_StateOfCharge__p90,IBS_StateOfCharge__first,IBS_StateOfCharge__last,IBS_StateOfHealth__mean,IBS_StateOfHealth__median,IBS_StateOfHealth__std,IBS_StateOfHealth__min,IBS_StateOfHealth__max,IBS_StateOfHealth__p10,IBS_StateOfHealth__p90,IBS_StateOfHealth__first,IBS_StateOfHealth__last,IBS_AvgRi__mean,IBS_AvgRi__median,IBS_AvgRi__std,IBS_AvgRi__min,IBS_AvgRi__max,IBS_AvgRi__p10,IBS_AvgRi__p90,IBS_AvgRi__first,IBS_AvgRi__last,IBS_AvailableCapacity__mean,IBS_AvailableCapacity__median,IBS_AvailableCapacity__std,IBS_AvailableCapacity__min,IBS_AvailableCapacity__max,IBS_AvailableCapacity__p10,IBS_AvailableCapacity__p90,IBS_AvailableCapacity__first,IBS_AvailableCapacity__last,IBS_DischargeableAh__mean,IBS_DischargeableAh__median,IBS_DischargeableAh__std,IBS_DischargeableAh__min,IBS_DischargeableAh__max,IBS_DischargeableAh__p10,IBS_DischargeableAh__p90,IBS_DischargeableAh__first,IBS_DischargeableAh__last,IBS_NominalCapacity__mean,IBS_NominalCapacity__median,IBS_NominalCapacity__std,IBS_NominalCapacity__min,IBS_NominalCapacity__max,IBS_NominalCapacity__p10,IBS_NominalCapacity__p90,IBS_NominalCapacity__first,IBS_NominalCapacity__last,IBS_Sulfation__mean,IBS_Sulfation__median,IBS_Sulfation__std,IBS_Sulfation__min,IBS_Sulfation__max,IBS_Sulfation__p10,IBS_Sulfation__p90,IBS_Sulfation__first,IBS_Sulfation__last,IBS_BatteryDefect__mean,IBS_BatteryDefect__median,IBS_BatteryDefect__std,IBS_BatteryDefect__min,IBS_BatteryDefect__max,IBS_BatteryDefect__p10,IBS_BatteryDefect__p90,IBS_BatteryDefect__first,IBS_BatteryDefect__last
2025-06-26 02:20:47+00:00,2025-06-26 02:40:03+00:00,12V Management  2025-06-25_22-20-47_IBS_only_cleaned.csv,12V Management  2025-06-25_22-20-47_IBS_only_cleaned.csv#0,0,1156.0,14.115,14.106859550561799,14.100594444444445,0.0,2.972537597234226,-15.183,7650.0,7850.0,200.0,0.0,0.9671094444444445,,-0.058966169860421094,0.9338278210116729,14.105866032843561,14.109,0.053651623863198133,12.953,14.117,14.103,14.113,14.1,12.953,2.972537597234226,2.712,1.2835065364377014,-15.183,5.261,2.0906000000000002,4.487200000000001,5.246,-15.183,23.5,23.5,0.0,23.5,23.5,23.5,23.5,23.5,23.5,77.6257562662057,78.0,0.555292609098049,76.5,78.5,77.0,78.5,76.5,78.5,66.0,66.0,0.0,66.0,66.0,66.0,66.0,66.0,66.0,6.069999999999999,6.07,8.885624968725417e-16,6.07,6.07,6.07,6.07,6.07,6.07,33.0,33.0,0.0,33.0,33.0,33.0,33.0,33.0,33.0,32.91512532411409,33.0,0.2716496236281289,32.4,33.3,32.5,33.3,32.4,33.3,50.0,50.0,0.0,50.0,50.0,50.0,50.0,50.0,50.0,1.0,1.0,0.0,1.0,1.0,1.0,1.0,1.0,1.0,0.0,0.0,0.0,0.0,0.0,0.0,0.0,0.0,0.0
2025-06-26 11:24:45+00:00,2025-06-26 12:02:32+00:00,12V Management  2025-06-25_22-20-47_IBS_only_cleaned.csv,12V Management  2025-06-25_22-20-47_IBS_only_cleaned.csv#1,1,2267.0,14.114,14.102163580246915,14.0999,0.0,4.276646384479718,-14.893,7150.0,7700.0,550.0,0.0,2.7046480555555554,80.29246194444445,-0.06150870406189555,0.9338278210116729,14.101659611992945,14.106,0.040539237041987225,12.914,14.115,14.091,14.111,14.05,12.914,4.276646384479718,3.5294999999999996,2.3336045222666457,-14.893,14.278,2.2098,7.629899999999999,14.278,-14.893,21.0,21.0,0.0,21.0,21.0,21.0,21.0,21.0,21.0,74.76256613756614,75.0,1.459479435551035,71.5,77.0,72.5,76.5,71.5,77.0,66.0,66.0,0.0,66.0,66.0,66.0,66.0,66.0,66.0,6.07,6.07,0.0,6.07,6.07,6.07,6.07,6.07,6.07,33.0,33.0,0.0,33.0,33.0,33.0,33.0,33.0,33.0,31.484126984126984,31.6,0.7282892231206678,29.9,32.5,30.3,32.3,29.9,32.5,50.0,50.0,0.0,50.0,50.0,50.0,50.0,50.0,50.0,1.0,1.0,0.0,1.0,1.0,1.0,1.0,1.0,1.0,0.0,0.0,0.0,0.0,0.0,0.0,0.0,0.0,0.0
2025-06-26 13:09:11+00:00,2025-06-26 13:19:50+00:00,12V Management  2025-06-25_22-20-47_IBS_only_cleaned.csv,12V Management  2025-06-25_22-20-47_IBS_only_cleaned.csv#2,2,639.0,14.114,14.104331250000001,14.100833333333334,0.0,2.9151671875000003,-14.835,7550.0,7650.0,100.0,0.0,0.5284127777777777,7.1904402777777765,-0.0615124520449964,0.9338278210116729,14.1028296875,14.11,0.07232508375467868,12.892,14.115,14.097,14.113,14.077,12.892,2.9151671875000003,2.3375000000000004,1.8272489352945627,-14.835,10.084,2.0019,5.169200000000001,10.084,-14.835,20.98359375,21.0,0.08914244877559131,20.5,21.0,21.0,21.0,21.0,21.0,76.0953125,76.0,0.30433986001054203,75.5,76.5,75.5,76.5,75.5,76.5,66.0,66.0,0.0,66.0,66.0,66.0,66.0,66.0,66.0,6.07,6.07,0.0,6.07,6.07,6.07,6.07,6.07,6.07,33.0,33.0,0.0,33.0,33.0,33.0,33.0,33.0,33.0,32.151250000000005,32.2,0.1363450928730022,31.9,32.4,31.9,32.3,31.9,32.4,50.0,50.0,0.0,50.0,50.0,50.0,50.0,50.0,50.0,1.0,1.0,0.0,1.0,1.0,1.0,1.0,1.0,1.0,0.0,0.0,0.0,0.0,0.0,0.0,0.0,0.0,0.0
2025-06-26 17:47:23+00:00,2025-06-26 18:22:49+00:00,12V_Management_2025-06-26_13-39-25_IBS_only.csv,12V_Management_2025-06-26_13-39-25_IBS_only.csv#0,0,2126.0,14.113,14.09611706629055,14.1019,0.0,5.272254348848143,-15.184,7050.0,7650.0,600.0,0.0,3.120809583333333,,-0.06416987516042477,0.9467655642023345,14.095766337564644,14.104,0.038885695373612424,12.935,14.114,14.07,14.11,13.981,12.935,5.272254348848143,3.543,4.020049720830318,-15.184,28.777,2.2056,12.188400000000003,28.777,-15.184,21.40126939351199,21.5,0.19908843607761237,21.0,21.5,21.0,21.5,21.0,21.5,74.5345557122708,75.0,1.5989192838799486,70.5,76.5,72.0,76.0,70.5,76.5,66.0,66.0,0.0,66.0,66.0,66.0,66.0,66.0,66.0,6.069999999999999,6.07,8.883872800015897e-16,6.07,6.07,6.07,6.07,6.07,6.07,33.0,33.0,0.0,33.0,33.0,33.0,33.0,33.0,33.0,31.366854724964735,31.6,0.7975896361596733,29.3,32.4,30.1,32.2,29.3,32.4,50.0,50.0,0.0,50.0,50.0,50.0,50.0,50.0,50.0,1.0,1.0,0.0,1.0,1.0,1.0,1.0,1.0,1.0,0.0,0.0,0.0,0.0,0.0,0.0,0.0,0.0,0.0
2025-06-26 22:55:27+00:00,2025-06-26 22:55:42+00:00,12V_Management_2025-06-26_13-39-25_IBS_only.csv,12V_Management_2025-06-26_13-39-25_IBS_only.csv#1,1,15.0,14.062,14.044374999999999,14.044374999999999,0.0,13.5830625,12.394,7300.0,7300.0,0.0,0.0,0.05609541666666667,43.730824722222216,0.004779607010090465,0.9467655642023345,14.055874999999999,14.058499999999999,0.007881412732921996,14.033,14.064,14.0475,14.062,14.033,14.064,13.5830625,13.045,1.5554504800324993,12.394,18.377,12.4905,15.193000000000001,18.377,12.394,24.5,24.5,0.0,24.5,24.5,24.5,24.5,24.5,24.5,73.0,73.0,0.0,73.0,73.0,73.0,73.0,73.0,73.0,66.0,66.0,0.0,66.0,66.0,66.0,66.0,66.0,66.0,6.07,6.07,0.0,6.07,6.07,6.07,6.07,6.07,6.07,33.0,33.0,0.0,33.0,33.0,33.0,33.0,33.0,33.0,30.6,30.6,0.0,30.6,30.6,30.6,30.6,30.6,30.6,50.0,50.0,0.0,50.0,50.0,50.0,50.0,50.0,50.0,1.0,1.0,0.0,1.0,1.0,1.0,1.0,1.0,1.0,0.0,0.0,0.0,0.0,0.0,0.0,0.0,0.0,0.0
2025-06-29 10:07:10+00:00,2025-06-29 10:17:51+00:00,12V Management  IBS 1hr Reset 2025-06-29_09-32-11_IBS_only.csv,12V Management  IBS 1hr Reset 2025-06-29_09-32-11_IBS_only.csv#0,0,641.0,14.115,14.102744548286603,14.099405555555556,0.0,3.221523364485981,-14.982,8700.0,8800.0,100.0,0.0,0.5848416666666667,,-0.0671382515884691,1.0,14.100898753894084,14.11,0.07883483018858416,12.834,14.117,14.093,14.113,14.059,12.834,3.221523364485981,2.335,2.442100142884723,-14.982,11.886,1.923,6.250999999999999,11.886,-14.982,25.5,25.5,0.0,25.5,25.5,25.5,25.5,25.5,25.5,87.69314641744548,88.0,0.35886335606422515,87.0,88.0,87.0,88.0,87.0,88.0,100.0,100.0,0.0,100.0,100.0,100.0,100.0,100.0,100.0,0.0,0.0,0.0,0.0,0.0,0.0,0.0,0.0,0.0,50.0,50.0,0.0,50.0,50.0,50.0,50.0,50.0,50.0,43.93255451713396,44.0,0.14752038168973508,43.6,44.1,43.7,44.1,43.6,44.1,50.0,50.0,0.0,50.0,50.0,50.0,50.0,50.0,50.0,0.0,0.0,0.0,0.0,0.0,0.0,0.0,0.0,0.0,0.0,0.0,0.0,0.0,0.0,0.0,0.0,0.0,0.0
2025-06-29 12:10:35+00:00,2025-06-29 12:11:25+00:00,12V Management  Discharge and Charge Cycle 2025-06-29_08-10-35_IBS_only.csv,12V Management  Discharge and Charge Cycle 2025-06-29_08-10-35_IBS_only.csv#0,0,50.0,14.049,13.989392156862749,13.989392156862749,0.0,8.410176470588235,-17.232,7300.0,7300.0,0.0,0.0,0.13655166666666668,,-0.0335903900341094,0.8290539813641832,13.96764705882353,14.044,0.26082989272929674,12.932,14.05,14.037,14.049,14.042,12.932,8.410176470588235,10.668,7.634445498412788,-17.232,11.668,9.868,11.493,11.668,-17.232,22.5,22.5,0.0,22.5,22.5,22.5,22.5,22.5,22.5,73.0,73.0,0.0,73.0,73.0,73.0,73.0,73.0,73.0,66.0,66.0,0.0,66.0,66.0,66.0,66.0,66.0,66.0,6.07,6.07,0.0,6.07,6.07,6.07,6.07,6.07,6.07,33.0,33.0,0.0,33.0,33.0,33.0,33.0,33.0,33.0,30.623529411764704,30.6,0.05509350340690798,30.5,30.7,30.6,30.7,30.5,30.7,50.0,50.0,0.0,50.0,50.0,50.0,50.0,50.0,50.0,1.0,1.0,0.0,1.0,1.0,1.0,1.0,1.0,1.0,0.0,0.0,0.0,0.0,0.0,0.0,0.0,0.0,0.0
2025-06-29 12:43:22+00:00,2025-06-29 13:28:20+00:00,12V Management  Discharge and Charge Cycle 2025-06-29_08-10-35_IBS_only.csv,12V Management  Discharge and Charge Cycle 2025-06-29_08-10-35_IBS_only.csv#1,1,2698.0,14.113,14.068881808077064,14.103272222222222,0.0,11.256311967395332,-15.241,5850.0,7500.0,1650.0,0.0,8.44158611111111,7.414586388888888,-0.06590207836059846,0.8290539813641832,14.068625416821046,14.086,0.051435509854408756,12.912,14.114,14.0,14.109,13.778,12.912,11.256311967395332,7.856,8.890153108874467,-15.241,50.086,2.3888000000000003,25.741800000000005,50.086,-15.241,23.767321230085216,24.0,0.3980017416983601,22.5,24.0,23.0,24.0,22.5,24.0,70.48443868099297,72.5,4.7314597170785655,58.5,75.0,62.5,75.0,58.5,75.0,65.58799555390885,66.0,1.0652978674111953,64.0,68.0,64.0,66.0,66.0,68.0,6.07,6.07,0.0,6.07,6.07,6.07,6.07,6.07,6.07,32.79399777695443,33.0,0.5326489337055976,32.0,34.0,32.0,33.0,33.0,34.0,29.019007039644308,30.1,2.1120883796667793,23.4,31.0,25.3,30.7,23.4,30.7,50.0,50.0,0.0,50.0,50.0,50.0,50.0,50.0,50.0,1.0,1.0,0.0,1.0,1.0,1.0,1.0,1.0,1.0,0.0,0.0,0.0,0.0,0.0,0.0,0.0,0.0,0.0
2025-08-10 12:34:25+00:00,2025-08-10 12:49:45+00:00,12V_IBS_Charge_Discharge_after_IBS_Reset_00003_cleaned.csv,12V_IBS_Charge_Discharge_after_IBS_Reset_00003_cleaned.csv#0,0,920.0,14.118,14.102929424538546,14.109177777777777,0.0,3.874482084690554,-15.488,9600.0,9800.0,200.0,0.0,0.9929194444444445,,-0.05935063423716976,0.9781517549198621,14.10199022801303,14.113,0.055339710877964035,13.004,14.118,14.081,14.116,13.861,13.004,3.874482084690554,2.206,5.0137582118080015,-15.488,49.53,1.852,7.908,49.53,-15.488,37.0,37.0,0.0,37.0,37.0,37.0,37.0,37.0,37.0,97.10043431053204,97.0,0.4195751296611889,96.0,98.0,96.5,97.5,96.0,98.0,90.0,90.0,0.0,90.0,90.0,90.0,90.0,90.0,90.0,6.140000000000001,6.14,8.886609942642282e-16,6.14,6.14,6.14,6.14,6.14,6.14,45.0,45.0,0.0,45.0,45.0,45.0,45.0,45.0,45.0,48.66026058631922,48.7,0.2128623188908,48.0,49.0,48.4,48.9,48.0,49.0,50.0,50.0,0.0,50.0,50.0,50.0,50.0,50.0,50.0,1.0,1.0,0.0,1.0,1.0,1.0,1.0,1.0,1.0,0.0,0.0,0.0,0.0,0.0,0.0,0.0,0.0,0.0
2025-08-10 14:28:13+00:00,2025-08-10 15:05:03+00:00,12V_IBS_Charge_Discharge_after_IBS_Reset_00003_cleaned.csv,12V_IBS_Charge_Discharge_after_IBS_Reset_00003_cleaned.csv#1,1,2210.0,14.111,14.027578018995928,14.094683333333332,0.0,17.641738127544098,-15.249,7600.0,9750.0,2150.0,0.0,10.840969722222223,11.104834444444442,-0.05839395397548764,0.9781517549198621,14.02738670284939,14.053,0.0880941710468238,12.996,14.112,13.899,14.104,13.59,12.996,17.641738127544098,12.499,14.718002303999413,-15.249,51.634,3.214,43.486,51.634,-15.249,35.79556761646314,36.0,0.43521283223265866,34.5,36.5,35.0,36.0,34.5,36.0,91.56558118498417,94.0,5.908100533437324,76.0,97.5,82.0,97.0,76.0,97.5,90.0,90.0,0.0,90.0,90.0,90.0,90.0,90.0,90.0,6.14,6.14,0.0,6.14,6.14,6.14,6.14,6.14,6.14,45.0,45.0,0.0,45.0,45.0,45.0,45.0,45.0,45.0,45.88276797829037,47.0,2.9529533847142613,38.1,48.8,41.0,48.7,38.1,48.8,50.0,50.0,0.0,50.0,50.0,50.0,50.0,50.0,50.0,1.0,1.0,0.0,1.0,1.0,1.0,1.0,1.0,1.0,0.0,0.0,0.0,0.0,0.0,0.0,0.0,0.0,0.0
2025-08-10 15:56:08+00:00,2025-08-10 16:34:18+00:00,12V_IBS_Charge_Discharge_after_IBS_Reset_00003_cleaned.csv,12V_IBS_Charge_Discharge_after_IBS_Reset_00003_cleaned.csv#2,2,2290.0,14.108,14.027769969445657,14.09463333333333,0.0,17.149357049323438,-15.55,7600.0,9750.0,2150.0,0.0,10.919190277777778,10.822840138888887,-0.055199688074416615,0.9781517549198621,14.027600174596245,14.067,0.09368842667344737,13.01,14.109,13.89,14.104,13.551,13.01,17.149357049323438,11.11,15.19803381390845,-15.55,52.39,3.051,44.309,52.39,-15.261,36.68834570056744,37.0,0.4967047879553759,35.0,37.0,36.0,37.0,35.0,37.0,91.79288520296814,94.0,5.891855603966795,76.0,97.5,82.0,97.0,76.0,97.5,90.0,90.0,0.0,90.0,90.0,90.0,90.0,90.0,90.0,6.139999999999999,6.14,8.883723239529976e-16,6.14,6.14,6.14,6.14,6.14,6.14,45.0,45.0,0.0,45.0,45.0,45.0,45.0,45.0,45.0,45.99637712789175,47.2,2.9456399524259864,38.0,48.9,41.1,48.7,38.0,48.9,50.0,50.0,0.0,50.0,50.0,50.0,50.0,50.0,50.0,1.0,1.0,0.0,1.0,1.0,1.0,1.0,1.0,1.0,0.0,0.0,0.0,0.0,0.0,0.0,0.0,0.0,0.0
2025-08-10 17:25:05+00:00,2025-08-10 18:04:01+00:00,12V_IBS_Charge_Discharge_after_IBS_Reset_00003_cleaned.csv,12V_IBS_Charge_Discharge_after_IBS_Reset_00003_cleaned.csv#3,3,2336.0,14.108,14.026651690201112,14.095422222222219,0.0,16.91905562687206,-15.391,7550.0,9700.0,2150.0,0.0,10.98888152777778,10.813699027777778,-0.05306466620144217,0.9781517549198621,14.026456568249893,14.069,0.09830420844489987,13.01,14.109,13.882,14.105,13.48,13.01,16.91905562687206,10.281,15.443984820021292,-15.391,51.28,2.972,44.94000000000001,49.063,-15.356,37.53102267864784,37.5,0.5450590861987236,36.0,38.0,36.5,38.0,36.0,37.5,91.47967479674797,94.0,5.905081271727293,75.5,97.0,81.5,97.0,75.5,97.0,90.0,90.0,0.0,90.0,90.0,90.0,90.0,90.0,90.0,6.140000000000001,6.14,8.883685060414563e-16,6.14,6.14,6.14,6.14,6.14,6.14,45.0,45.0,0.0,45.0,45.0,45.0,45.0,45.0,45.0,45.83705605477108,47.1,2.9499993430502536,37.8,48.7,40.9,48.5,37.8,48.7,50.0,50.0,0.0,50.0,50.0,50.0,50.0,50.0,50.0,1.0,1.0,0.0,1.0,1.0,1.0,1.0,1.0,1.0,0.0,0.0,0.0,0.0,0.0,0.0,0.0,0.0,0.0
2025-08-10 18:54:44+00:00,2025-08-10 19:34:17+00:00,12V_IBS_Charge_Discharge_after_IBS_Reset_00003_cleaned.csv,12V_IBS_Charge_Discharge_after_IBS_Reset_00003_cleaned.csv#4,4,2373.0,14.109,14.025287700084244,14.094683333333334,0.0,16.783505054759896,-15.42,7500.0,9700.0,2200.0,0.0,11.07361375,10.835473888888888,-0.05504953887445396,0.9781517549198621,14.025099831508003,14.07,0.10320797421622692,12.995,14.11,13.88,14.105,13.473,12.995,16.783505054759896,9.6865,15.659972105858762,-15.42,51.385,2.9139,45.796600000000005,48.949,-15.42,38.658803706823925,39.0,0.5483880537077559,37.0,39.0,37.5,39.0,37.0,39.0,91.44587194608256,94.0,5.9350429081485245,75.0,97.0,81.5,96.5,75.0,97.0,90.0,90.0,0.0,90.0,90.0,90.0,90.0,90.0,90.0,6.140000000000001,6.14,8.883655425126301e-16,6.14,6.14,6.14,6.14,6.14,6.14,45.0,45.0,0.0,45.0,45.0,45.0,45.0,45.0,45.0,45.81996630160068,47.1,2.96353691242615,37.6,48.6,40.8,48.4,37.6,48.6,50.0,50.0,0.0,50.0,50.0,50.0,50.0,50.0,50.0,1.0,1.0,0.0,1.0,1.0,1.0,1.0,1.0,1.0,0.0,0.0,0.0,0.0,0.0,0.0,0.0,0.0,0.0
2025-08-10 20:25:25+00:00,2025-08-10 21:05:33+00:00,12V_IBS_Charge_Discharge_after_IBS_Reset_00003_cleaned.csv,12V_IBS_Charge_Discharge_after_IBS_Reset_00003_cleaned.csv#5,5,2408.0,14.109,14.024025736820256,14.096305555555556,0.0,16.7949099211291,-15.424,7400.0,9650.0,2250.0,0.0,11.243949722222224,10.965462777777777,-0.05473648049010914,0.9781517549198621,14.023834786218346,14.073,0.10816914173937241,12.997,14.111,13.875,14.106,13.517,12.997,16.7949099211291,9.326,15.877778285955046,-15.424,52.058,2.8818,46.79760000000001,52.058,-15.387,39.72249896222499,40.0,0.49926879933537444,38.0,40.0,39.0,40.0,38.0,40.0,90.80676629306767,93.5,6.017012830377144,74.0,96.5,80.5,96.0,74.0,96.5,90.0,90.0,0.0,90.0,90.0,90.0,90.0,90.0,90.0,6.14,6.14,0.0,6.14,6.14,6.14,6.14,6.14,6.14,45.0,45.0,0.0,45.0,45.0,45.0,45.0,45.0,45.0,45.504732254047326,46.8,3.0079315176839305,37.2,48.3,40.4,48.1,37.2,48.3,50.0,50.0,0.0,50.0,50.0,50.0,50.0,50.0,50.0,1.0,1.0,0.0,1.0,1.0,1.0,1.0,1.0,1.0,0.0,0.0,0.0,0.0,0.0,0.0,0.0,0.0,0.0
2025-08-16 03:47:57+00:00,2025-08-16 04:25:46+00:00,12V_IBS_Charge_Discharge_after_IBS_00007_IBS_only.csv,12V_IBS_Charge_Discharge_after_IBS_00007_IBS_only.csv#0,0,2269.0,14.108,14.054929515418502,14.095638888888887,0.0,11.86109295154185,-16.783,6350.0,7800.0,1450.0,0.0,7.484640277777778,,-0.05487861023295786,0.9382974170392487,14.054653303964757,14.086,0.07000670543411058,12.879,14.108,13.948,14.105,13.692,12.879,11.86109295154185,5.862,11.972413139696025,-16.783,49.956,2.1939,32.683,49.956,-16.395,29.901982378854626,30.0,0.24431940103112768,29.0,30.0,29.5,30.0,29.0,30.0,74.61343612334802,76.0,3.8656959528333656,63.5,78.0,68.0,78.0,63.5,78.0,90.0,90.0,0.0,90.0,90.0,90.0,90.0,90.0,90.0,6.14,6.14,0.0,6.14,6.14,6.14,6.14,6.14,6.14,45.0,45.0,0.0,45.0,45.0,45.0,45.0,45.0,45.0,37.40770925110132,38.2,1.9340623615086394,31.8,39.2,34.2,39.1,31.8,39.2,50.0,50.0,0.0,50.0,50.0,50.0,50.0,50.0,50.0,1.0,1.0,0.0,1.0,1.0,1.0,1.0,1.0,1.0,0.0,0.0,0.0,0.0,0.0,0.0,0.0,0.0,0.0
2025-08-16 04:57:13+00:00,2025-08-16 05:34:18+00:00,12V_IBS_Charge_Discharge_after_IBS_00007_IBS_only.csv,12V_IBS_Charge_Discharge_after_IBS_00007_IBS_only.csv#1,1,2225.0,14.108,14.053706648697215,14.09897222222222,0.0,12.177623090745733,-16.793,6400.0,7900.0,1500.0,0.0,7.53194111111111,7.2180598611111115,-0.05753746067295903,0.9382974170392487,14.053505840071878,14.086500000000001,0.0720724180878115,12.921,14.109,13.946,14.105,13.474,12.921,12.177623090745733,5.865,12.528062459965504,-16.793,51.292,2.18,33.646,51.292,-16.452,30.653189577717878,30.5,0.33369726844174874,29.5,31.0,30.0,31.0,29.5,30.5,75.30300988319856,77.0,3.873933043905938,64.0,79.0,69.0,78.5,64.0,79.0,90.0,90.0,0.0,90.0,90.0,90.0,90.0,90.0,90.0,6.149874213836477,6.15,0.001114718662387981,6.14,6.15,6.15,6.15,6.14,6.15,45.0,45.0,0.0,45.0,45.0,45.0,45.0,45.0,45.0,37.74860736747529,38.6,1.931703641498717,32.1,39.5,34.5,39.4,32.1,39.5,50.0,50.0,0.0,50.0,50.0,50.0,50.0,50.0,50.0,1.0,1.0,0.0,1.0,1.0,1.0,1.0,1.0,1.0,0.0,0.0,0.0,0.0,0.0,0.0,0.0,0.0,0.0
2025-08-16 06:05:34+00:00,2025-08-16 06:41:29+00:00,12V_IBS_Charge_Discharge_after_IBS_00007_IBS_only.csv,12V_IBS_Charge_Discharge_after_IBS_00007_IBS_only.csv#2,2,2155.0,14.107,14.052192486085344,14.097616666666665,0.0,12.385361317254176,-16.436,6500.0,7950.0,1450.0,0.0,7.419825972222223,7.170160833333333,-0.061466492602262876,0.9382974170392487,14.05192254174397,14.084,0.07323258585387468,12.907,14.108,13.942499999999999,14.104,13.526,12.907,12.385361317254176,6.012499999999999,12.764837441190378,-16.436,50.205,2.1765,33.977999999999994,48.639,-16.418,31.06470315398887,31.0,0.28959040601661695,30.0,31.5,30.5,31.5,30.0,31.0,75.89378478664193,77.5,3.7985329147545612,65.0,79.5,69.5,79.0,65.0,79.5,90.0,90.0,0.0,90.0,90.0,90.0,90.0,90.0,90.0,6.149999999999999,6.15,1.7767689393569372e-15,6.15,6.15,6.15,6.15,6.15,6.15,45.0,45.0,0.0,45.0,45.0,45.0,45.0,45.0,45.0,38.048376623376626,38.9,1.9010101501053662,32.5,39.8,34.9,39.7,32.5,39.8,50.0,50.0,0.0,50.0,50.0,50.0,50.0,50.0,50.0,1.0,1.0,0.0,1.0,1.0,1.0,1.0,1.0,1.0,0.0,0.0,0.0,0.0,0.0,0.0,0.0,0.0,0.0
2025-08-16 07:12:35+00:00,2025-08-16 07:47:57+00:00,12V_IBS_Charge_Discharge_after_IBS_00007_IBS_only.csv,12V_IBS_Charge_Discharge_after_IBS_00007_IBS_only.csv#3,3,2122.0,14.107,14.051585492227979,14.09787777777778,0.0,12.46825058878945,-16.354,6550.0,8000.0,1450.0,0.0,7.354899722222222,7.130208055555556,-0.06130268199233712,0.9382974170392487,14.051326895902024,14.082,0.07394299818958415,12.914,14.108,13.9432,14.104,13.508,12.914,12.46825058878945,6.095,12.851581387466089,-16.354,50.308,2.16,34.1672,50.308,-16.354,31.395902025435703,31.5,0.24750817313525522,30.5,31.5,31.0,31.5,30.5,31.5,76.42110221384833,78.0,3.778818553606893,65.5,80.0,70.0,79.5,65.5,80.0,90.0,90.0,0.0,90.0,90.0,90.0,90.0,90.0,90.0,6.1499999999999995,6.15,8.883876736598435e-16,6.15,6.15,6.15,6.15,6.15,6.15,45.0,45.0,0.0,45.0,45.0,45.0,45.0,45.0,45.0,38.30626471973621,39.1,1.884530341622423,32.8,40.0,35.2,39.9,32.8,40.0,50.0,50.0,0.0,50.0,50.0,50.0,50.0,50.0,50.0,1.0,1.0,0.0,1.0,1.0,1.0,1.0,1.0,1.0,0.0,0.0,0.0,0.0,0.0,0.0,0.0,0.0,0.0
2025-08-16 08:18:53+00:00,2025-08-16 08:53:44+00:00,12V_IBS_Charge_Discharge_after_IBS_00007_IBS_only.csv,12V_IBS_Charge_Discharge_after_IBS_00007_IBS_only.csv#4,4,2091.0,14.106,14.051524378585084,14.09869444444444,0.0,12.526419216061184,-16.783,6600.0,8050.0,1450.0,0.0,7.2814604166666665,7.076153611111111,-0.057405526751830666,0.9382974170392487,14.051281548757169,14.083,0.0743934798614936,12.927,14.108,13.941,14.105,13.431,12.927,12.526419216061184,6.1925,12.877293115610158,-16.783,50.466,2.155,34.15700000000001,50.265,-16.338,31.43236137667304,31.5,0.182546856335909,30.5,31.5,31.0,31.5,30.5,31.5,76.85826959847036,78.5,3.7315929196273205,66.0,80.5,70.5,80.0,66.0,80.5,90.0,90.0,0.0,90.0,90.0,90.0,90.0,90.0,90.0,6.1499999999999995,6.15,8.883907755715878e-16,6.15,6.15,6.15,6.15,6.15,6.15,45.0,45.0,0.0,45.0,45.0,45.0,45.0,45.0,45.0,38.5335086042065,39.3,1.8682042217790684,33.1,40.3,35.4,40.1,33.1,40.3,50.0,50.0,0.0,50.0,50.0,50.0,50.0,50.0,50.0,1.0,1.0,0.0,1.0,1.0,1.0,1.0,1.0,1.0,0.0,0.0,0.0,0.0,0.0,0.0,0.0,0.0,0.0
2025-08-16 09:24:50+00:00,2025-08-16 09:59:33+00:00,12V_IBS_Charge_Discharge_after_IBS_00007_IBS_only.csv,12V_IBS_Charge_Discharge_after_IBS_00007_IBS_only.csv#5,5,2083.0,14.106,14.050890595009596,14.097772222222224,0.0,12.57910028790787,-16.867,6650.0,8100.0,1450.0,0.0,7.28415138888889,7.103225,-0.057999573924158526,0.9382974170392487,14.050644433781189,14.081,0.07333742613903849,12.925,14.107,13.943,14.104,13.582,12.925,12.57910028790787,6.2995,12.85981159938195,-16.867,50.312,2.1422,34.3645,50.312,-16.389,31.437619961612285,31.5,0.17027073836834575,30.5,31.5,31.0,31.5,30.5,31.5,77.23848368522073,79.0,3.7418481477023375,66.5,81.0,71.0,80.5,66.5,81.0,90.0,90.0,0.0,90.0,90.0,90.0,90.0,90.0,90.0,6.15,6.15,0.0,6.15,6.15,6.15,6.15,6.15,6.15,45.0,45.0,0.0,45.0,45.0,45.0,45.0,45.0,45.0,38.72298464491362,39.5,1.8738887294819355,33.3,40.5,35.6,40.3,33.3,40.5,50.0,50.0,0.0,50.0,50.0,50.0,50.0,50.0,50.0,1.0,1.0,0.0,1.0,1.0,1.0,1.0,1.0,1.0,0.0,0.0,0.0,0.0,0.0,0.0,0.0,0.0,0.0
2025-08-16 10:30:40+00:00,2025-08-16 11:05:11+00:00,12V_IBS_Charge_Discharge_after_IBS_00007_IBS_only.csv,12V_IBS_Charge_Discharge_after_IBS_00007_IBS_only.csv#6,6,2071.0,14.106,14.050178571428571,14.093788888888891,0.0,12.613717181467184,-16.535,6700.0,8100.0,1400.0,0.0,7.266044444444444,7.124877916666667,-0.055995257151326604,0.9382974170392487,14.0498861003861,14.081,0.07579202629864455,12.893,14.107,13.94,14.104,13.536,12.893,12.613717181467184,6.436,12.826397307357002,-16.535,49.47,2.1402,34.2196,48.4,-16.413,31.43219111969112,31.5,0.18083295165951366,30.5,31.5,31.0,31.5,30.5,31.5,77.60304054054055,79.0,3.7567740743842344,67.0,81.0,71.5,81.0,67.0,81.0,90.0,90.0,0.0,90.0,90.0,90.0,90.0,90.0,90.0,6.15,6.15,0.0,6.15,6.15,6.15,6.15,6.15,6.15,45.0,45.0,0.0,45.0,45.0,45.0,45.0,45.0,45.0,38.89666988416988,39.7,1.8744446494092775,33.5,40.6,35.8,40.5,33.5,40.6,50.0,50.0,0.0,50.0,50.0,50.0,50.0,50.0,50.0,1.0,1.0,0.0,1.0,1.0,1.0,1.0,1.0,1.0,0.0,0.0,0.0,0.0,0.0,0.0,0.0,0.0,0.0
2025-08-16 11:36:20+00:00,2025-08-16 12:10:47+00:00,12V_IBS_Charge_Discharge_after_IBS_00007_IBS_only.csv,12V_IBS_Charge_Discharge_after_IBS_00007_IBS_only.csv#7,7,2067.0,14.107,14.050276112185685,14.097083333333332,0.0,12.652257253384914,-16.401,6700.0,8150.0,1450.0,0.0,7.270891944444444,7.132407083333333,-0.06243849097867685,0.9382974170392487,14.050046421663444,14.08,0.07498488008701756,12.903,14.112,13.941,14.104,13.498,12.903,12.652257253384914,6.5135000000000005,12.795866941300176,-16.401,53.944,2.1387,34.3613,53.944,-16.309,31.397485493230175,31.5,0.22405737024153752,30.5,31.5,31.0,31.5,30.5,31.0,77.89676015473887,79.5,3.75763749216368,67.0,81.5,71.5,81.0,67.0,81.5,90.0,90.0,0.0,90.0,90.0,90.0,90.0,90.0,90.0,6.141233075435203,6.14,0.003288694157247001,6.14,6.15,6.14,6.15,6.15,6.14,45.0,45.0,0.0,45.0,45.0,45.0,45.0,45.0,45.0,39.05145067698259,39.9,1.8793952706759984,33.6,40.8,35.9,40.7,33.6,40.8,50.0,50.0,0.0,50.0,50.0,50.0,50.0,50.0,50.0,1.0,1.0,0.0,1.0,1.0,1.0,1.0,1.0,1.0,0.0,0.0,0.0,0.0,0.0,0.0,0.0,0.0,0.0
2025-08-16 12:41:57+00:00,2025-08-16 12:42:11+00:00,12V_IBS_Charge_Discharge_after_IBS_00007_IBS_only.csv,12V_IBS_Charge_Discharge_after_IBS_00007_IBS_only.csv#8,8,14.0,13.889,13.817800000000002,13.817800000000002,0.0,45.690733333333334,43.264,6750.0,6750.0,0.0,0.0,0.1777245833333333,7.120831527777778,-0.19630156472261864,0.9382974170392487,13.845,13.885,0.09544706835279375,13.54,13.889,13.7584,13.8882,13.54,13.889,45.690733333333334,45.013,2.28117612104767,43.264,49.8,43.4422,48.8896,47.706,43.399,30.5,30.5,0.0,30.5,30.5,30.5,30.5,30.5,30.5,67.5,67.5,0.0,67.5,67.5,67.5,67.5,67.5,67.5,90.0,90.0,0.0,90.0,90.0,90.0,90.0,90.0,90.0,6.14,6.14,0.0,6.14,6.14,6.14,6.14,6.14,6.14,45.0,45.0,0.0,45.0,45.0,45.0,45.0,45.0,45.0,33.82,33.8,0.04140393356054184,33.8,33.9,33.8,33.9,33.8,33.9,50.0,50.0,0.0,50.0,50.0,50.0,50.0,50.0,50.0,1.0,1.0,0.0,1.0,1.0,1.0,1.0,1.0,1.0,0.0,0.0,0.0,0.0,0.0,0.0,0.0,0.0,0.0
2025-08-16 12:43:42+00:00,2025-08-16 14:42:31+00:00,12V_IBS_Charge_during_L2_HV_charning_after_IBS_Reset_0008_IBS_only.csv,12V_IBS_Charge_during_L2_HV_charning_after_IBS_Reset_0008_IBS_only.csv#0,0,7129.0,14.12,14.101750070126227,14.107883333333332,0.0,3.7752639548965914,-16.633000000000003,7000.0,8450.0,1450.0,0.0,7.481259583333334,,-0.05040011231222799,0.9361427629921184,14.101520153686925,14.116,0.043223605915533966,12.868,14.123,14.065,14.118,13.903,12.904,3.7892528745409946,1.142,7.168299047786569,-16.96,42.248,0.754,10.786800000000003,42.248,-16.453,30.689918194320388,30.5,0.542522114595136,30.0,31.5,30.0,31.5,31.0,30.0,82.12375058483264,83.0,2.755029461493397,70.0,84.5,79.0,84.5,70.0,84.5,90.0,90.0,0.0,90.0,90.0,90.0,90.0,90.0,90.0,6.14,6.14,0.0,6.14,6.14,6.14,6.14,6.14,6.14,45.0,45.0,0.0,45.0,45.0,45.0,45.0,45.0,45.0,41.165888307600696,41.6,1.3791684198713483,35.0,42.4,39.5,42.3,35.0,42.4,50.0,50.0,0.0,50.0,50.0,50.0,50.0,50.0,50.0,1.0,1.0,0.0,1.0,1.0,1.0,1.0,1.0,1.0,0.0,0.0,0.0,0.0,0.0,0.0,0.0,0.0,0.0
2025-08-17 12:52:23+00:00,2025-08-17 13:08:45+00:00,12V_IBS_LIN_Normal_Dischare_12Hrs_Vehicle_sleep_6_Charge_Cycles_00010_IBS_only.csv,12V_IBS_LIN_Normal_Dischare_12Hrs_Vehicle_sleep_6_Charge_Cycles_00010_IBS_only.csv#0,0,982.0,14.108,14.097561546286876,14.094283333333333,0.0,3.348614445574771,-15.121,7700.0,7850.0,150.0,0.0,0.92488875,,-0.06414827565008913,0.9568528134517659,14.09630925737538,14.103,0.06291571306814862,12.83,14.109,14.088,14.106,14.041,12.83,3.348614445574771,2.633,2.069167287490316,-15.121,11.567,2.049,5.998,11.567,-15.121,22.0,22.0,0.0,22.0,22.0,22.0,22.0,22.0,22.0,77.86368260427264,78.0,0.4909916282325319,77.0,78.5,77.0,78.5,77.0,78.5,90.0,90.0,0.0,90.0,90.0,90.0,90.0,90.0,90.0,6.139999999999999,6.14,8.886305339669724e-16,6.14,6.14,6.14,6.14,6.14,6.14,45.0,45.0,0.0,45.0,45.0,45.0,45.0,45.0,45.0,39.03326551373347,39.1,0.2427402492707039,38.5,39.4,38.7,39.3,38.5,39.4,50.0,50.0,0.0,50.0,50.0,50.0,50.0,50.0,50.0,1.0,1.0,0.0,1.0,1.0,1.0,1.0,1.0,1.0,0.0,0.0,0.0,0.0,0.0,0.0,0.0,0.0,0.0
2025-08-17 15:30:24+00:00,2025-08-17 15:49:40+00:00,12V_IBS_LIN_Normal_Dischare_12Hrs_Vehicle_sleep_6_Charge_Cycles_00010_IBS_only.csv,12V_IBS_LIN_Normal_Dischare_12Hrs_Vehicle_sleep_6_Charge_Cycles_00010_IBS_only.csv#1,1,1156.0,14.108,14.097459809853067,14.094427777777774,0.0,3.5463206568712184,-15.117,7600.0,7800.0,200.0,0.0,1.1496556944444445,29.100117916666665,-0.06205506615089552,0.9568528134517659,14.096415730337078,14.103,0.05579028820083971,12.84,14.109,14.086,14.106,14.042,12.84,3.5463206568712184,2.753,2.1802599290366484,-15.117,12.441,2.0986000000000002,6.442200000000002,12.441,-15.117,22.0,22.0,0.0,22.0,22.0,22.0,22.0,22.0,22.0,77.37942955920484,77.5,0.6133819288003068,76.0,78.0,76.5,78.0,76.0,78.0,90.0,90.0,0.0,90.0,90.0,90.0,90.0,90.0,90.0,6.14,6.14,0.0,6.14,6.14,6.14,6.14,6.14,6.14,45.0,45.0,0.0,45.0,45.0,45.0,45.0,45.0,45.0,38.79654278305963,38.8,0.29588611144297267,38.2,39.2,38.3,39.2,38.2,39.2,50.0,50.0,0.0,50.0,50.0,50.0,50.0,50.0,50.0,1.0,1.0,0.0,1.0,1.0,1.0,1.0,1.0,1.0,0.0,0.0,0.0,0.0,0.0,0.0,0.0,0.0,0.0
2025-08-17 18:11:19+00:00,2025-08-17 18:30:56+00:00,12V_IBS_LIN_Normal_Dischare_12Hrs_Vehicle_sleep_6_Charge_Cycles_00010_IBS_only.csv,12V_IBS_LIN_Normal_Dischare_12Hrs_Vehicle_sleep_6_Charge_Cycles_00010_IBS_only.csv#2,2,1177.0,14.107,14.097428692699491,14.098005555555556,0.0,3.561032258064517,-15.205,7500.0,7700.0,200.0,0.0,1.171962361111111,29.18869375,-0.06514166279609845,0.9568528134517659,14.096473684210526,14.102,0.049233096363920044,12.875,14.109,14.086,14.105,14.039,12.875,3.561032258064517,2.7155,2.148578557358411,-15.205,12.477,2.1647000000000003,6.454699999999998,12.477,-15.205,22.29074702886248,22.5,0.2467617679176886,22.0,22.5,22.0,22.5,22.0,22.5,76.12011884550085,76.0,0.6324240853704853,75.0,77.0,75.0,77.0,75.0,77.0,90.0,90.0,0.0,90.0,90.0,90.0,90.0,90.0,90.0,6.14,6.14,0.0,6.14,6.14,6.14,6.14,6.14,6.14,45.0,45.0,0.0,45.0,45.0,45.0,45.0,45.0,45.0,38.15025466893039,38.2,0.30269944322810344,37.5,38.6,37.7,38.5,37.5,38.6,50.0,50.0,0.0,50.0,50.0,50.0,50.0,50.0,50.0,1.0,1.0,0.0,1.0,1.0,1.0,1.0,1.0,1.0,0.0,0.0,0.0,0.0,0.0,0.0,0.0,0.0,0.0
2025-08-17 20:52:36+00:00,2025-08-17 21:14:53+00:00,12V_IBS_LIN_Normal_Dischare_12Hrs_Vehicle_sleep_6_Charge_Cycles_00010_IBS_only.csv,12V_IBS_LIN_Normal_Dischare_12Hrs_Vehicle_sleep_6_Charge_Cycles_00010_IBS_only.csv#3,3,1337.0,14.108,14.097381913303437,14.094238888888887,0.0,3.4820082212257106,-15.567,7400.0,7650.0,250.0,0.0,1.3041293055555558,29.597421249999986,-0.062095896549516715,0.9568528134517659,14.096461136023915,14.102,0.05308998358281594,12.81,14.109,14.088,14.106,14.038,12.81,3.4820082212257106,2.612,2.2245138668564475,-15.567,13.347,2.0534,6.359399999999999,13.347,-15.222,23.996636771300448,24.0,0.040884622221807415,23.5,24.0,24.0,24.0,23.5,24.0,75.58968609865471,76.0,0.687661135348753,74.0,76.5,74.5,76.5,74.0,76.5,90.0,90.0,0.0,90.0,90.0,90.0,90.0,90.0,90.0,6.14,6.14,0.0,6.14,6.14,6.14,6.14,6.14,6.14,45.0,45.0,0.0,45.0,45.0,45.0,45.0,45.0,45.0,37.898878923766816,38.0,0.3317056827585384,37.2,38.4,37.4,38.3,37.2,38.4,50.0,50.0,0.0,50.0,50.0,50.0,50.0,50.0,50.0,1.0,1.0,0.0,1.0,1.0,1.0,1.0,1.0,1.0,0.0,0.0,0.0,0.0,0.0,0.0,0.0,0.0,0.0
2025-08-17 23:36:33+00:00,2025-08-17 23:43:53+00:00,12V_IBS_LIN_Normal_Dischare_12Hrs_Vehicle_sleep_6_Charge_Cycles_00010_IBS_only.csv,12V_IBS_LIN_Normal_Dischare_12Hrs_Vehicle_sleep_6_Charge_Cycles_00010_IBS_only.csv#4,4,440.0,14.105,14.090725623582767,14.100277777777778,0.0,5.532775510204082,3.117,7450.0,7550.0,100.0,0.0,0.6753908333333334,29.394948888888884,0.008975317875841778,0.9568528134517659,14.0908820861678,14.096,0.013258947963264657,14.034,14.105,14.07,14.102,14.038,14.101,5.532775510204082,4.676,2.3749347535418117,3.117,13.977,3.317,9.101,13.977,3.117,24.5,24.5,0.0,24.5,24.5,24.5,24.5,24.5,24.5,74.97165532879819,75.0,0.34508131982969326,74.5,75.5,74.5,75.5,74.5,75.5,90.0,90.0,0.0,90.0,90.0,90.0,90.0,90.0,90.0,6.14,6.14,0.0,6.14,6.14,6.14,6.14,6.14,6.14,45.0,45.0,0.0,45.0,45.0,45.0,45.0,45.0,45.0,37.58004535147392,37.6,0.1732339399152763,37.3,37.8,37.3,37.8,37.3,37.8,50.0,50.0,0.0,50.0,50.0,50.0,50.0,50.0,50.0,1.0,1.0,0.0,1.0,1.0,1.0,1.0,1.0,1.0,0.0,0.0,0.0,0.0,0.0,0.0,0.0,0.0,0.0
2025-08-17 23:43:53+00:00,2025-08-17 23:55:19+00:00,12V_LIN_Normal_Dischare_12Hrs_Vehicle_sleep-Charge_Cycles_00011_IBS_only.csv,12V_LIN_Normal_Dischare_12Hrs_Vehicle_sleep-Charge_Cycles_00011_IBS_only.csv#0,0,686.0,14.109,14.102923580786028,14.098622222222222,0.0,2.3744133915574968,-15.164,7550.0,7650.0,100.0,0.0,0.4610852777777778,,-0.06798487932538531,0.9442482336655416,14.101100436681223,14.105,0.06536968285931039,12.85,14.111,14.102,14.107,14.103,12.85,2.3744133915574968,2.327,0.9851105949343413,-15.164,3.142,2.157,2.8654,3.142,-15.164,24.5,24.5,0.0,24.5,24.5,24.5,24.5,24.5,24.5,75.95269286754002,76.0,0.2811174033271989,75.5,76.5,75.5,76.5,75.5,76.5,90.0,90.0,0.0,90.0,90.0,90.0,90.0,90.0,90.0,6.140000000000001,6.14,8.888255443176338e-16,6.14,6.14,6.14,6.14,6.14,6.14,45.0,45.0,0.0,45.0,45.0,45.0,45.0,45.0,45.0,38.08151382823872,38.1,0.13560804444472396,37.8,38.3,37.9,38.3,37.8,38.3,50.0,50.0,0.0,50.0,50.0,50.0,50.0,50.0,50.0,1.0,1.0,0.0,1.0,1.0,1.0,1.0,1.0,1.0,0.0,0.0,0.0,0.0,0.0,0.0,0.0,0.0,0.0
2025-08-18 01:06:46+00:00,2025-08-18 01:20:04+00:00,12V_LIN_Normal_Dischare_12Hrs_Vehicle_sleep-Charge_Cycles_00011_IBS_only.csv,12V_LIN_Normal_Dischare_12Hrs_Vehicle_sleep-Charge_Cycles_00011_IBS_only.csv#1,1,798.0,14.109,14.098311639549436,14.095066666666668,0.0,3.2718210262828533,-15.144,7500.0,7650.0,150.0,0.0,0.7365338888888888,14.790584999999998,-0.06366879921259844,0.9442482336655416,14.09677096370463,14.104,0.07021867996114815,12.805,14.11,14.089,14.107,14.041,12.805,3.2718210262828533,2.418,2.210564945370912,-15.144,12.158,2.185,5.996,12.158,-15.144,24.5,24.5,0.0,24.5,24.5,24.5,24.5,24.5,24.5,75.81914893617021,76.0,0.39596495705274115,75.0,76.5,75.0,76.0,75.0,76.5,90.0,90.0,0.0,90.0,90.0,90.0,90.0,90.0,90.0,6.14,6.14,0.0,6.14,6.14,6.14,6.14,6.14,6.14,45.0,45.0,0.0,45.0,45.0,45.0,45.0,45.0,45.0,38.016896120150186,38.0,0.18945212652032536,37.6,38.3,37.7,38.2,37.6,38.3,50.0,50.0,0.0,50.0,50.0,50.0,50.0,50.0,50.0,1.0,1.0,0.0,1.0,1.0,1.0,1.0,1.0,1.0,0.0,0.0,0.0,0.0,0.0,0.0,0.0,0.0,0.0
2025-08-18 01:30:48+00:00,2025-08-18 01:40:30+00:00,12V_LIN_Normal_Dischare_12Hrs_Vehicle_sleep-Charge_Cycles_00011_IBS_only.csv,12V_LIN_Normal_Dischare_12Hrs_Vehicle_sleep-Charge_Cycles_00011_IBS_only.csv#2,2,582.0,14.108,14.098667238421957,14.099355555555556,0.0,2.9961012006861063,-15.644,7600.0,7650.0,50.0,0.0,0.4918976388888888,2.221535555555556,-0.06858318568897531,0.9442482336655416,14.096610634648371,14.104,0.07311943125405257,12.825,14.11,14.088199999999999,14.107,14.041,12.825,2.9961012006861063,2.266,2.2953501477416003,-15.644,13.421,1.892,5.422600000000002,13.421,-15.171,24.5,24.5,0.0,24.5,24.5,24.5,24.5,24.5,24.5,76.28987993138936,76.5,0.24701062067681026,76.0,76.5,76.0,76.5,76.0,76.5,90.0,90.0,0.0,90.0,90.0,90.0,90.0,90.0,90.0,6.14,6.14,0.0,6.14,6.14,6.14,6.14,6.14,6.14,45.0,45.0,0.0,45.0,45.0,45.0,45.0,45.0,45.0,38.260891938250424,38.3,0.12218188368665475,38.0,38.4,38.1,38.4,38.0,38.4,50.0,50.0,0.0,50.0,50.0,50.0,50.0,50.0,50.0,1.0,1.0,0.0,1.0,1.0,1.0,1.0,1.0,1.0,0.0,0.0,0.0,0.0,0.0,0.0,0.0,0.0,0.0
2025-08-18 07:32:48+00:00,2025-08-18 08:03:40+00:00,12V_LIN_Normal_Dischare_12Hrs_Vehicle_sleep-Charge_Cycles_00011_IBS_only.csv,12V_LIN_Normal_Dischare_12Hrs_Vehicle_sleep-Charge_Cycles_00011_IBS_only.csv#3,3,1852.0,14.108,14.09634214786832,14.09936111111111,0.0,4.262325957906098,-15.533,7000.0,7450.0,450.0,0.0,2.2002395833333335,72.77113097222224,-0.06364387767150782,0.9442482336655416,14.095703184025902,14.101,0.03932322138884938,12.875,14.11,14.082,14.106,14.027,12.875,4.262325957906098,3.399,2.4629208244778305,-15.533,15.341,2.1713999999999998,7.8588,15.341,-15.533,22.5,22.5,0.0,22.5,22.5,22.5,22.5,22.5,22.5,72.85483000539665,73.0,1.1830218270735546,70.0,74.5,71.0,74.0,70.0,74.5,90.0,90.0,0.0,90.0,90.0,90.0,90.0,90.0,90.0,6.14,6.14,0.0,6.14,6.14,6.14,6.14,6.14,6.14,45.0,45.0,0.0,45.0,45.0,45.0,45.0,45.0,45.0,36.530437128980026,36.7,0.5865037833337097,35.2,37.3,35.6,37.2,35.2,37.3,50.0,50.0,0.0,50.0,50.0,50.0,50.0,50.0,50.0,1.0,1.0,0.0,1.0,1.0,1.0,1.0,1.0,1.0,0.0,0.0,0.0,0.0,0.0,0.0,0.0,0.0,0.0
2025-08-18 10:25:20+00:00,2025-08-18 10:41:55+00:00,12V_LIN_Normal_Dischare_12Hrs_Vehicle_sleep-Charge_Cycles_00011_IBS_only.csv,12V_LIN_Normal_Dischare_12Hrs_Vehicle_sleep-Charge_Cycles_00011_IBS_only.csv#4,4,995.0,14.108,14.097376506024098,14.093872222222222,0.0,3.4409558232931725,-15.143,7200.0,7400.0,200.0,0.0,0.9627083333333334,0.24420486111111112,-0.06541801567369661,0.9442482336655416,14.096125502008032,14.103,0.06449501801685124,12.795,14.11,14.087,14.106,14.042,12.795,3.4409558232931725,2.7295,2.1242225299719486,-15.143,11.44,2.0385,6.2245,11.44,-15.143,22.0,22.0,0.0,22.0,22.0,22.0,22.0,22.0,22.0,73.24096385542168,73.5,0.5628076375487554,72.0,74.0,72.5,74.0,72.0,74.0,90.0,90.0,0.0,90.0,90.0,90.0,90.0,90.0,90.0,6.139999999999999,6.14,8.886246284294537e-16,6.14,6.14,6.14,6.14,6.14,6.14,45.0,45.0,0.0,45.0,45.0,45.0,45.0,45.0,45.0,36.71415662650602,36.8,0.2507283692404487,36.2,37.1,36.3,37.0,36.2,37.1,50.0,50.0,0.0,50.0,50.0,50.0,50.0,50.0,50.0,1.0,1.0,0.0,1.0,1.0,1.0,1.0,1.0,1.0,0.0,0.0,0.0,0.0,0.0,0.0,0.0,0.0,0.0
2025-08-18 13:03:34+00:00,2025-08-18 13:22:26+00:00,12V_IBS_LIN_Normal_Dischare_12Hrs_Vehicle_sleep-Charge_Cycles_00012_IBS_only.csv,12V_IBS_LIN_Normal_Dischare_12Hrs_Vehicle_sleep-Charge_Cycles_00012_IBS_only.csv#0,0,1132.0,14.108,14.097614298323034,14.098522222222222,0.0,3.6172030008826126,-15.074,7200.0,7400.0,200.0,0.0,1.1451216666666666,,-0.06890677318921459,0.9563129526864114,14.096568402471314,14.102,0.05207488109440947,12.84,14.109,14.086,14.106,14.033,12.84,3.6172030008826126,2.843,2.108278946439027,-15.074,11.928,2.1122,6.5,11.928,-15.074,21.442630185348634,21.5,0.15942410172779625,21.0,21.5,21.0,21.5,21.5,21.5,72.9801412180053,73.0,0.6002084277301537,72.0,74.0,72.0,73.5,72.0,74.0,90.0,90.0,0.0,90.0,90.0,90.0,90.0,90.0,90.0,6.139999999999999,6.14,8.885706380542835e-16,6.14,6.14,6.14,6.14,6.14,6.14,45.0,45.0,0.0,45.0,45.0,45.0,45.0,45.0,45.0,36.58481906443071,36.6,0.2969498772535366,36.0,37.0,36.1,36.9,36.0,37.0,50.0,50.0,0.0,50.0,50.0,50.0,50.0,50.0,50.0,1.0,1.0,0.0,1.0,1.0,1.0,1.0,1.0,1.0,0.0,0.0,0.0,0.0,0.0,0.0,0.0,0.0,0.0
2025-08-18 15:44:05+00:00,2025-08-18 16:03:47+00:00,12V_IBS_LIN_Normal_Dischare_12Hrs_Vehicle_sleep-Charge_Cycles_00012_IBS_only.csv,12V_IBS_LIN_Normal_Dischare_12Hrs_Vehicle_sleep-Charge_Cycles_00012_IBS_only.csv#1,1,1182.0,14.108,14.097841927303465,14.099111111111112,0.0,3.5868774302620454,-15.142,7150.0,7400.0,250.0,0.0,1.1851479166666667,29.312716111111115,-0.06399568164097645,0.9563129526864114,14.096857142857145,14.102,0.04841087942099124,12.858,14.109,14.086,14.106,14.052,12.858,3.5868774302620454,2.774,2.1071821512711453,-15.142,13.157,2.1526,6.484399999999998,13.157,-15.142,21.5,21.5,0.0,21.5,21.5,21.5,21.5,21.5,21.5,72.87447168216399,73.0,0.6293102102933703,71.5,74.0,72.0,73.5,71.5,74.0,90.0,90.0,0.0,90.0,90.0,90.0,90.0,90.0,90.0,6.140000000000001,6.14,8.885540502602469e-16,6.14,6.14,6.14,6.14,6.14,6.14,45.0,45.0,0.0,45.0,45.0,45.0,45.0,45.0,45.0,36.54125105663567,36.6,0.3078319861091343,35.9,37.0,36.1,36.9,35.9,37.0,50.0,50.0,0.0,50.0,50.0,50.0,50.0,50.0,50.0,1.0,1.0,0.0,1.0,1.0,1.0,1.0,1.0,1.0,0.0,0.0,0.0,0.0,0.0,0.0,0.0,0.0,0.0
2025-08-18 18:25:27+00:00,2025-08-18 18:47:52+00:00,12V_IBS_LIN_Normal_Dischare_12Hrs_Vehicle_sleep-Charge_Cycles_00012_IBS_only.csv,12V_IBS_LIN_Normal_Dischare_12Hrs_Vehicle_sleep-Charge_Cycles_00012_IBS_only.csv#2,2,1345.0,14.108,14.098054234769688,14.098644444444444,0.0,3.535627043090639,-15.649,7150.0,7400.0,250.0,0.0,1.3286501388888887,29.26178666666667,-0.06571996591877308,0.9563129526864114,14.097150817236255,14.1025,0.047659342473246366,12.832,14.11,14.088,14.106,14.035,12.832,3.535627043090639,2.6704999999999997,2.1566939649772388,-15.649,13.381,2.052,6.446,13.381,-15.228,23.5,23.5,0.0,23.5,23.5,23.5,23.5,23.5,23.5,73.0390044576523,73.0,0.7189429797685997,71.5,74.0,72.0,74.0,71.5,74.0,90.0,90.0,0.0,90.0,90.0,90.0,90.0,90.0,90.0,6.139999999999999,6.14,8.88508536202771e-16,6.14,6.14,6.14,6.14,6.14,6.14,45.0,45.0,0.0,45.0,45.0,45.0,45.0,45.0,45.0,36.61374442793462,36.7,0.34125912500098554,35.9,37.1,36.1,37.0,35.9,37.1,50.0,50.0,0.0,50.0,50.0,50.0,50.0,50.0,50.0,1.0,1.0,0.0,1.0,1.0,1.0,1.0,1.0,1.0,0.0,0.0,0.0,0.0,0.0,0.0,0.0,0.0,0.0
2025-08-18 21:09:33+00:00,2025-08-18 21:33:03+00:00,12V_IBS_LIN_Normal_Dischare_12Hrs_Vehicle_sleep-Charge_Cycles_00012_IBS_only.csv,12V_IBS_LIN_Normal_Dischare_12Hrs_Vehicle_sleep-Charge_Cycles_00012_IBS_only.csv#3,3,1410.0,14.109,14.098260807937633,14.093961111111113,0.0,3.478961729270021,-15.307,7200.0,7450.0,250.0,0.0,1.3734429166666668,29.524131388888886,-0.06497622820919177,0.9563129526864114,14.097367115520907,14.103,0.05349168314860773,12.79,14.11,14.089,14.106,14.032,12.79,3.478961729270021,2.617,2.2226166002542596,-15.307,14.343,2.129,6.256,14.343,-15.307,25.720765414599576,25.5,0.24837282281896,25.5,26.0,25.5,26.0,25.5,26.0,73.3086463501063,73.5,0.684599854410337,72.0,74.5,72.0,74.0,72.0,74.5,90.0,90.0,0.0,90.0,90.0,90.0,90.0,90.0,90.0,6.14,6.14,0.0,6.14,6.14,6.14,6.14,6.14,6.14,45.0,45.0,0.0,45.0,45.0,45.0,45.0,45.0,45.0,36.75797306874557,36.8,0.34840854287656425,36.0,37.3,36.2,37.2,36.0,37.3,50.0,50.0,0.0,50.0,50.0,50.0,50.0,50.0,50.0,1.0,1.0,0.0,1.0,1.0,1.0,1.0,1.0,1.0,0.0,0.0,0.0,0.0,0.0,0.0,0.0,0.0,0.0
2025-08-21 02:17:18+00:00,2025-08-21 02:19:04+00:00,12V IBS Full load 2025-08-20_22-17-18_L001_IBS_only.csv,12V IBS Full load 2025-08-20_22-17-18_L001_IBS_only.csv#0,0,106.0,13.968,13.937948598130841,13.937948598130841,0.0,24.13472897196262,-17.134,7200.0,7350.0,150.0,0.0,0.7301725,,-0.02039239149402936,0.9484942886812044,13.928476635514018,13.956,0.15808120350560664,12.947,13.97,13.951,13.966,13.953,12.947,24.13472897196262,25.699,7.9106556625071525,-17.134,27.855,23.2974,27.5512,27.78,-16.832,33.481308411214954,33.5,0.09529580671593388,33.0,33.5,33.5,33.5,33.0,33.5,72.77102803738318,73.0,0.48213545145126147,72.0,73.5,72.0,73.5,72.0,73.5,90.0,90.0,0.0,90.0,90.0,90.0,90.0,90.0,90.0,6.139999999999999,6.14,8.923581059375944e-16,6.14,6.14,6.14,6.14,6.14,6.14,45.0,45.0,0.0,45.0,45.0,45.0,45.0,45.0,45.0,36.490654205607484,36.5,0.21914616053114433,36.1,36.8,36.2,36.8,36.1,36.8,50.0,50.0,0.0,50.0,50.0,50.0,50.0,50.0,50.0,1.0,1.0,0.0,1.0,1.0,1.0,1.0,1.0,1.0,0.0,0.0,0.0,0.0,0.0,0.0,0.0,0.0,0.0
2025-08-21 02:28:43+00:00,2025-08-21 02:51:16+00:00,12V IBS Full load 2025-08-20_22-17-18_L001_IBS_only.csv,12V IBS Full load 2025-08-20_22-17-18_L001_IBS_only.csv#1,1,1353.0,14.106,14.038456425406203,14.081472222222223,0.0,16.521722304283603,-31.507,6500.0,7750.0,1250.0,0.0,6.22396013888889,4.2785963888888885,-0.037870266216722875,0.9484942886812044,14.037920236336777,14.059,0.0783740881803186,12.675,14.107,13.945,14.102,13.578,12.675,16.521722304283603,12.157,12.671220705411628,-31.507,50.993,3.6951,37.043,50.993,-29.136,34.632570162481535,35.0,0.4362150379974765,33.5,35.0,34.0,35.0,33.5,35.0,73.78766617429838,75.0,3.502844797323959,65.0,77.5,68.0,77.0,65.0,77.5,90.0,90.0,0.0,90.0,90.0,90.0,90.0,90.0,90.0,6.14,6.14,0.0,6.14,6.14,6.14,6.14,6.14,6.14,45.0,45.0,0.0,45.0,45.0,45.0,45.0,45.0,45.0,36.99645494830133,37.7,1.7505195055635197,32.7,38.8,34.1,38.7,32.7,38.8,50.0,50.0,0.0,50.0,50.0,50.0,50.0,50.0,50.0,1.0,1.0,0.0,1.0,1.0,1.0,1.0,1.0,1.0,0.0,0.0,0.0,0.0,0.0,0.0,0.0,0.0,0.0
2025-08-21 03:08:48+00:00,2025-08-21 03:53:48+00:00,12V IBS Full load 2025-08-20_22-17-18_L001_IBS_only.csv,12V IBS Full load 2025-08-20_22-17-18_L001_IBS_only.csv#2,2,2700.0,14.111,14.05153054424287,14.098916666666666,0.0,12.63855164753795,-16.472,6150.0,8000.0,1850.0,0.0,9.488835000000002,8.09299361111111,-0.054967899724854836,0.9484942886812044,14.051118104405779,14.101,0.09807221701321366,12.887,14.112,13.9,14.109,13.903,12.887,12.63855164753795,4.042,15.183413176665844,-16.472,49.026,2.578,42.965,42.584,-16.472,36.840244353942985,37.0,0.37258627572902997,35.5,37.0,36.0,37.0,35.5,37.0,76.119029988893,78.0,4.61198044784695,61.5,80.0,68.5,80.0,61.5,80.0,80.0,80.0,0.0,80.0,80.0,80.0,80.0,80.0,80.0,6.14,6.14,0.0,6.14,6.14,6.14,6.14,6.14,6.14,40.0,40.0,0.0,40.0,40.0,40.0,40.0,40.0,40.0,33.159459459459455,34.1,2.305983425690558,25.8,35.2,29.3,35.0,25.8,35.2,50.0,50.0,0.0,50.0,50.0,50.0,50.0,50.0,50.0,1.0,1.0,0.0,1.0,1.0,1.0,1.0,1.0,1.0,0.0,0.0,0.0,0.0,0.0,0.0,0.0,0.0,0.0
2025-08-21 04:06:12+00:00,2025-08-21 04:39:50+00:00,12V IBS Full load 2025-08-20_22-17-18_L001_IBS_only.csv,12V IBS Full load 2025-08-20_22-17-18_L001_IBS_only.csv#3,3,2018.0,14.109,14.023294700346707,14.098188888888888,0.0,15.0617127290738,-16.772,6500.0,8200.0,1700.0,0.0,8.452255694444444,7.68647,-0.05223691704106816,0.9484942886812044,14.022992075284794,14.096,0.13898452665229827,12.906,14.11,13.810599999999999,14.107,13.488,12.906,15.0617127290738,4.602,16.901242248216413,-16.772,50.312,2.7028,48.8822,48.721,-16.409,38.86552748885587,39.0,0.30541910410096446,38.0,39.0,38.5,39.0,38.0,39.0,78.04110946012878,80.0,4.345839056324268,65.0,82.0,70.5,81.5,65.0,82.0,80.0,80.0,0.0,80.0,80.0,80.0,80.0,80.0,80.0,6.139999999999999,6.14,8.883984564729052e-16,6.14,6.14,6.14,6.14,6.14,6.14,40.0,40.0,0.0,40.0,40.0,40.0,40.0,40.0,40.0,34.12164437840515,35.1,2.1718493739218667,27.6,36.0,30.3,35.8,27.6,36.0,50.0,50.0,0.0,50.0,50.0,50.0,50.0,50.0,50.0,1.0,1.0,0.0,1.0,1.0,1.0,1.0,1.0,1.0,0.0,0.0,0.0,0.0,0.0,0.0,0.0,0.0,0.0
2025-08-21 05:15:19+00:00,2025-08-21 05:29:26+00:00,12V IBS Full load 2025-08-20_22-17-18_L001_IBS_only.csv,12V IBS Full load 2025-08-20_22-17-18_L001_IBS_only.csv#4,4,847.0,14.075,13.958721698113209,14.059855555555558,0.0,29.728548349056606,9.736,6600.0,8000.0,1400.0,0.0,6.994579444444445,8.039648472222224,-0.1426726920593926,0.9484942886812044,13.959492924528302,13.9855,0.09779471522184281,13.436,14.075,13.7774,14.06,13.436,14.074,29.728548349056606,28.0995,13.672089640769595,9.736,51.23,12.1568,49.4403,48.91,9.736,38.90978773584906,39.0,0.39003036510684047,38.0,39.5,38.5,39.5,38.0,39.5,74.57665094339623,75.5,4.0802194666126965,66.0,80.0,68.0,79.0,66.0,80.0,80.0,80.0,0.0,80.0,80.0,80.0,80.0,80.0,80.0,6.139999999999999,6.14,8.887025734310246e-16,6.14,6.14,6.14,6.14,6.14,6.14,40.0,40.0,0.0,40.0,40.0,40.0,40.0,40.0,40.0,32.38950471698113,32.9,2.040584850297732,28.1,35.0,29.1,34.7,28.1,35.0,50.0,50.0,0.0,50.0,50.0,50.0,50.0,50.0,50.0,1.0,1.0,0.0,1.0,1.0,1.0,1.0,1.0,1.0,0.0,0.0,0.0,0.0,0.0,0.0,0.0,0.0,0.0
2025-08-21 05:29:26+00:00,2025-08-21 05:48:34+00:00,12V IBS Full load 2025-08-20_22-17-18_L002_IBS_only.csv,12V IBS Full load 2025-08-20_22-17-18_L002_IBS_only.csv#0,0,1148.0,14.112,14.099992167101828,14.098527777777775,0.0,4.22454046997389,-15.608,8000.0,8250.0,250.0,0.0,1.3594569444444444,,-0.05671798154992283,0.9871748451940923,14.098955613577024,14.105,0.05438354831914574,12.92,14.113,14.087,14.11,14.074,12.92,4.22454046997389,3.499,2.091363725217812,-15.608,9.734,2.6456,7.347800000000001,9.734,-15.608,39.039164490861616,39.0,0.13440278895457974,39.0,39.5,39.0,39.0,39.5,39.0,81.38555265448215,81.5,0.7403268030521555,80.0,82.5,80.0,82.0,80.0,82.5,80.0,80.0,0.0,80.0,80.0,80.0,80.0,80.0,80.0,6.14,6.14,0.0,6.14,6.14,6.14,6.14,6.14,6.14,40.0,40.0,0.0,40.0,40.0,40.0,40.0,40.0,40.0,35.793472584856396,35.9,0.36863181019335695,35.0,36.3,35.2,36.2,35.0,36.3,50.0,50.0,0.0,50.0,50.0,50.0,50.0,50.0,50.0,1.0,1.0,0.0,1.0,1.0,1.0,1.0,1.0,1.0,0.0,0.0,0.0,0.0,0.0,0.0,0.0,0.0,0.0
2025-08-21 06:27:47+00:00,2025-08-21 07:01:02+00:00,12V IBS Full load 2025-08-20_22-17-18_L002_IBS_only.csv,12V IBS Full load 2025-08-20_22-17-18_L002_IBS_only.csv#1,1,1995.0,14.112,14.040562625250503,14.10303888888889,0.0,15.6421122244489,-15.849,6600.0,8300.0,1700.0,0.0,8.674781388888889,8.448457222222222,-0.061581291759465466,0.9871748451940923,14.040284068136272,14.084,0.09496652340748095,12.939,14.114,13.904,14.109,13.482,12.939,15.6421122244489,7.781000000000001,15.497348052298044,-15.849,50.949,2.791,44.113,50.722,-15.849,38.592685370741485,38.5,0.30889341375150825,38.0,39.0,38.0,39.0,38.0,38.5,78.74123246492987,81.0,4.556776141756729,66.0,83.0,71.0,82.5,66.0,83.0,80.0,80.0,0.0,80.0,80.0,80.0,80.0,80.0,80.0,6.14,6.14,0.0,6.14,6.14,6.14,6.14,6.14,6.14,40.0,40.0,0.0,40.0,40.0,40.0,40.0,40.0,40.0,34.46658316633267,35.5,2.274844575615048,28.0,36.6,30.6,36.4,28.0,36.6,50.0,50.0,0.0,50.0,50.0,50.0,50.0,50.0,50.0,1.0,1.0,0.0,1.0,1.0,1.0,1.0,1.0,1.0,0.0,0.0,0.0,0.0,0.0,0.0,0.0,0.0,0.0
2025-08-21 07:40:57+00:00,2025-08-21 08:13:46+00:00,12V IBS Full load 2025-08-20_22-17-18_L002_IBS_only.csv,12V IBS Full load 2025-08-20_22-17-18_L002_IBS_only.csv#2,2,1969.0,14.111,14.039281725888324,14.101583333333332,0.0,15.9624076142132,-15.774,6600.0,8350.0,1750.0,0.0,8.737658194444444,8.57189625,-0.06018366677599218,0.9871748451940923,14.039023350253805,14.079,0.09173360786831894,12.952,14.113,13.9,14.108,13.579,12.952,15.9624076142132,8.5485,15.348844963627185,-15.774,52.075,2.8299000000000003,43.7821,52.075,-15.433,38.02690355329949,38.0,0.29733376880822987,37.0,38.5,37.5,38.5,37.0,38.0,78.98502538071067,81.0,4.618278446500531,66.0,83.5,71.0,83.0,66.0,83.5,80.0,80.0,0.0,80.0,80.0,80.0,80.0,80.0,80.0,6.14,6.14,0.0,6.14,6.14,6.14,6.14,6.14,6.14,40.0,40.0,0.0,40.0,40.0,40.0,40.0,40.0,40.0,34.59578680203045,35.6,2.311083000911809,28.1,36.8,30.7,36.6,28.1,36.8,50.0,50.0,0.0,50.0,50.0,50.0,50.0,50.0,50.0,1.0,1.0,0.0,1.0,1.0,1.0,1.0,1.0,1.0,0.0,0.0,0.0,0.0,0.0,0.0,0.0,0.0,0.0
2025-08-21 08:53:45+00:00,2025-08-21 09:22:58+00:00,12V IBS Full load 2025-08-20_22-17-18_L002_IBS_only.csv,12V IBS Full load 2025-08-20_22-17-18_L002_IBS_only.csv#3,3,1753.0,14.109,14.032714367160777,14.10696111111111,0.0,17.596235461801594,2.834,6650.0,8350.0,1700.0,0.0,8.565780555555556,8.577102638888888,0.15204236006051527,0.9871748451940923,14.033077537058151,14.07,0.08307254080913906,13.486,14.11,13.903,14.106,13.486,14.107,17.596235461801594,11.2295,15.254966075831174,2.834,51.417,3.335,44.7141,51.102,2.872,37.39139110604333,37.5,0.24942604474600297,36.5,37.5,37.0,37.5,36.5,37.5,78.77594070695552,80.5,4.634375432777337,66.5,83.5,71.0,83.0,66.5,83.5,80.0,80.0,0.0,80.0,80.0,80.0,80.0,80.0,80.0,6.139999999999999,6.14,8.884317145633097e-16,6.14,6.14,6.14,6.14,6.14,6.14,40.0,40.0,0.0,40.0,40.0,40.0,40.0,40.0,40.0,34.490706955530214,35.4,2.3201980907837174,28.3,36.8,30.6,36.6,28.3,36.8,50.0,50.0,0.0,50.0,50.0,50.0,50.0,50.0,50.0,1.0,1.0,0.0,1.0,1.0,1.0,1.0,1.0,1.0,0.0,0.0,0.0,0.0,0.0,0.0,0.0,0.0,0.0
2025-08-21 09:22:58+00:00,2025-08-21 09:26:09+00:00,12V IBS Full load 2025-08-20_22-17-18_L003_IBS_only.csv,12V IBS Full load 2025-08-20_22-17-18_L003_IBS_only.csv#0,0,191.0,14.112,14.103216145833334,14.1029,0.0,2.4998906250000004,-15.542,8350.0,8350.0,0.0,0.0,0.1415441666666667,,-0.05875166592625499,0.9772291000845312,14.097255208333332,14.109,0.11176636286476893,12.974,14.113,14.106,14.111,14.107,12.974,2.4998906250000004,2.673,1.8545102890138536,-15.542,2.865,2.566,2.8249,2.858,-15.542,37.309895833333336,37.5,0.243353511379788,37.0,37.5,37.0,37.5,37.5,37.0,83.5,83.5,0.0,83.5,83.5,83.5,83.5,83.5,83.5,80.0,80.0,0.0,80.0,80.0,80.0,80.0,80.0,80.0,6.14,6.14,0.0,6.14,6.14,6.14,6.14,6.14,6.14,40.0,40.0,0.0,40.0,40.0,40.0,40.0,40.0,40.0,36.84322916666667,36.8,0.04966895206567167,36.8,36.9,36.8,36.9,36.8,36.9,50.0,50.0,0.0,50.0,50.0,50.0,50.0,50.0,50.0,1.0,1.0,0.0,1.0,1.0,1.0,1.0,1.0,1.0,0.0,0.0,0.0,0.0,0.0,0.0,0.0,0.0,0.0
2025-08-21 10:05:44+00:00,2025-08-21 10:37:49+00:00,12V IBS Full load 2025-08-20_22-17-18_L003_IBS_only.csv,12V IBS Full load 2025-08-20_22-17-18_L003_IBS_only.csv#1,1,1925.0,14.111,14.039938733125648,14.102355555555555,0.0,16.126909138110072,-15.488,6700.0,8400.0,1700.0,0.0,8.629485694444444,8.541512777777779,-0.059600066841196474,0.9772291000845312,14.039679127725856,14.077,0.08628360275499394,12.971,14.111,13.9215,14.108,13.448,12.971,16.126909138110072,9.329,14.986907682167718,-15.488,51.43,2.909,42.974000000000004,50.379,-15.488,36.769470404984425,37.0,0.3076047892936768,36.0,37.0,36.5,37.0,36.0,36.5,79.49376947040498,81.5,4.598470961777297,67.0,84.0,72.0,83.5,67.0,84.0,80.0,80.0,0.0,80.0,80.0,80.0,80.0,80.0,80.0,6.14,6.14,0.0,6.14,6.14,6.14,6.14,6.14,6.14,40.0,40.0,0.0,40.0,40.0,40.0,40.0,40.0,40.0,34.843509865005196,35.8,2.296564783392407,28.5,37.0,31.0,36.9,28.5,37.0,50.0,50.0,0.0,50.0,50.0,50.0,50.0,50.0,50.0,1.0,1.0,0.0,1.0,1.0,1.0,1.0,1.0,1.0,0.0,0.0,0.0,0.0,0.0,0.0,0.0,0.0,0.0
2025-08-21 11:16:47+00:00,2025-08-21 11:56:29+00:00,12V IBS Full load 2025-08-20_22-17-18_L003_IBS_only.csv,12V IBS Full load 2025-08-20_22-17-18_L003_IBS_only.csv#2,2,2382.0,14.113,14.054806966009233,14.104094444444446,0.0,13.241009651699537,-15.462,6750.0,8450.0,1700.0,0.0,8.766400555555556,8.37577861111111,-0.0613039990833047,0.9772291000845312,14.054588753671842,14.094,0.0794828714830641,12.968,14.114,13.9352,14.11,13.444,12.968,13.241009651699537,5.825,14.288798544312858,-15.462,51.659,2.202,38.26140000000001,50.402,-15.455,36.105958875367186,36.0,0.31073393251061615,35.5,36.5,35.5,36.5,35.5,35.5,80.6657574485942,82.5,4.433410942033527,67.5,84.5,73.0,84.5,67.5,84.5,80.0,80.0,0.0,80.0,80.0,80.0,80.0,80.0,80.0,6.130688208141001,6.13,0.002532023169383421,6.13,6.14,6.13,6.13,6.14,6.13,40.0,40.0,0.0,40.0,40.0,40.0,40.0,40.0,40.0,35.43533361309274,36.4,2.219366036606092,28.8,37.4,31.7,37.3,28.8,37.4,50.0,50.0,0.0,50.0,50.0,50.0,50.0,50.0,50.0,1.0,1.0,0.0,1.0,1.0,1.0,1.0,1.0,1.0,0.0,0.0,0.0,0.0,0.0,0.0,0.0,0.0,0.0
2025-08-21 12:35:32+00:00,2025-08-21 13:06:17+00:00,12V IBS Full load 2025-08-20_22-17-18_L003_IBS_only.csv,12V IBS Full load 2025-08-20_22-17-18_L003_IBS_only.csv#3,3,1845.0,14.109,14.040266522210185,14.095649999999997,0.0,16.190674972914408,-15.717,6800.0,8450.0,1650.0,0.0,8.307965694444444,8.401398472222223,-0.05727029929238144,0.9772291000845312,14.039988082340194,14.073,0.08265717142495081,12.955,14.11,13.923,14.106,13.512,12.955,16.190674972914408,10.419,14.372956773673167,-15.717,52.119,2.995,40.8305,52.119,-15.503,35.3431744312026,35.5,0.28260211511084526,34.5,35.5,35.0,35.5,34.5,35.0,80.13217768147345,82.0,4.459316160689519,68.0,84.5,72.75,84.0,68.0,84.5,80.0,80.0,0.0,80.0,80.0,80.0,80.0,80.0,80.0,6.13,6.13,0.0,6.13,6.13,6.13,6.13,6.13,6.13,40.0,40.0,0.0,40.0,40.0,40.0,40.0,40.0,40.0,35.16673889490791,36.1,2.227854919807683,29.1,37.4,31.45,37.2,29.1,37.4,50.0,50.0,0.0,50.0,50.0,50.0,50.0,50.0,50.0,1.0,1.0,0.0,1.0,1.0,1.0,1.0,1.0,1.0,0.0,0.0,0.0,0.0,0.0,0.0,0.0,0.0,0.0
2025-08-21 13:43:56+00:00,2025-08-21 14:15:15+00:00,12V IBS Full load 2025-08-20_22-17-18_L004_IBS_only.csv,12V IBS Full load 2025-08-20_22-17-18_L004_IBS_only.csv#0,0,1879.0,14.11,14.04318085106383,14.095399999999998,0.0,15.636137765957447,-15.436,7650.0,9250.0,1600.0,0.0,8.170915694444444,,-0.05825516211724278,0.879993970560881,14.042923936170213,14.0755,0.08158414953588426,12.95,14.111,13.928,14.106,13.481,12.95,15.636137765957447,9.548,14.229653603329176,-15.436,53.119,2.9399,40.04990000000001,53.119,-15.436,34.96968085106383,35.0,0.2571715481307799,34.0,35.5,34.5,35.0,34.0,35.0,88.22287234042552,90.0,4.344444403337329,76.5,92.5,81.0,92.0,76.5,92.5,80.0,80.0,0.0,80.0,80.0,80.0,80.0,80.0,80.0,6.129999999999999,6.13,8.884147316425002e-16,6.13,6.13,6.13,6.13,6.13,6.13,40.0,40.0,0.0,40.0,40.0,40.0,40.0,40.0,40.0,39.21207446808511,40.1,2.1728960705615132,33.3,41.3,35.6,41.2,33.3,41.3,50.0,50.0,0.0,50.0,50.0,50.0,50.0,50.0,50.0,1.0,1.0,0.0,1.0,1.0,1.0,1.0,1.0,1.0,0.0,0.0,0.0,0.0,0.0,0.0,0.0,0.0,0.0
2025-08-21 14:51:56+00:00,2025-08-21 15:23:09+00:00,12V IBS Full load 2025-08-20_22-17-18_L004_IBS_only.csv,12V IBS Full load 2025-08-20_22-17-18_L004_IBS_only.csv#1,1,1873.0,14.111,14.044224653148346,14.098077777777775,0.0,15.354711312700106,-15.554,7650.0,9250.0,1600.0,0.0,7.997485138888888,7.90029638888889,-0.05335152873899339,0.879993970560881,14.043934898612594,14.0765,0.07921365425622692,12.965,14.111,13.93,14.106,13.487,12.965,15.354711312700106,9.207,14.082872443728286,-15.554,51.388,2.9215,39.47950000000001,50.187,-15.554,34.88393810032017,35.0,0.2604018997559274,34.0,35.0,34.5,35.0,34.0,35.0,88.34151547491996,90.0,4.239866855642734,76.5,92.5,81.0,92.0,76.5,92.5,80.0,80.0,0.0,80.0,80.0,80.0,80.0,80.0,80.0,6.13,6.13,0.0,6.13,6.13,6.13,6.13,6.13,6.13,40.0,40.0,0.0,40.0,40.0,40.0,40.0,40.0,40.0,39.27145144076841,40.1,2.1190492700515704,33.4,41.3,35.7,41.2,33.4,41.3,50.0,50.0,0.0,50.0,50.0,50.0,50.0,50.0,50.0,1.0,1.0,0.0,1.0,1.0,1.0,1.0,1.0,1.0,0.0,0.0,0.0,0.0,0.0,0.0,0.0,0.0,0.0
2025-08-21 15:58:54+00:00,2025-08-21 16:29:52+00:00,12V IBS Full load 2025-08-20_22-17-18_L004_IBS_only.csv,12V IBS Full load 2025-08-20_22-17-18_L004_IBS_only.csv#2,2,1858.0,14.109,14.044739644970415,14.100516666666666,0.0,15.189662721893491,-15.569,7600.0,9150.0,1550.0,0.0,7.845362083333334,7.728325277777778,-0.05818000994530089,0.879993970560881,14.044450242065627,14.077,0.07789533062757803,12.982,14.111,13.93,14.106,13.501,12.982,15.189662721893491,8.96,14.033024238239049,-15.569,50.821,2.9094,39.20140000000001,50.821,-15.562,35.03281334050565,35.0,0.3247905562017208,34.0,35.5,34.5,35.5,34.0,35.0,87.5115653577192,89.0,4.147930692984714,76.0,91.5,80.5,91.0,76.0,91.5,80.0,80.0,0.0,80.0,80.0,80.0,80.0,80.0,80.0,6.129999999999999,6.13,8.884174021932702e-16,6.13,6.13,6.13,6.13,6.13,6.13,40.0,40.0,0.0,40.0,40.0,40.0,40.0,40.0,40.0,38.85685852608929,39.7,2.072475840814592,33.1,40.9,35.4,40.7,33.1,40.9,50.0,50.0,0.0,50.0,50.0,50.0,50.0,50.0,50.0,1.0,1.0,0.0,1.0,1.0,1.0,1.0,1.0,1.0,0.0,0.0,0.0,0.0,0.0,0.0,0.0,0.0,0.0
2025-08-21 17:04:47+00:00,2025-08-21 17:27:34+00:00,12V IBS Full load 2025-08-20_22-17-18_L004_IBS_only.csv,12V IBS Full load 2025-08-20_22-17-18_L004_IBS_only.csv#3,3,1367.0,14.102,14.024641812865497,14.098072222222223,0.0,19.245736842105263,3.892,7600.0,9000.0,1400.0,0.0,7.3059230555555565,7.569679166666667,-0.3165467625899309,0.879993970560881,14.025049707602339,14.046,0.07119088684704009,13.501,14.105,13.912,14.097,13.501,14.1,19.245736842105263,14.89,14.02719452975066,3.892,51.268,4.76,43.087599999999995,49.798,3.892,35.49451754385965,35.5,0.38650316631374965,34.5,36.0,35.0,36.0,34.5,35.5,85.88559941520468,87.25,4.033087938997433,76.0,90.0,79.0,90.0,76.0,90.0,80.0,80.0,0.0,80.0,80.0,80.0,80.0,80.0,80.0,6.13,6.13,0.0,6.13,6.13,6.13,6.13,6.13,6.13,40.0,40.0,0.0,40.0,40.0,40.0,40.0,40.0,40.0,38.044444444444444,38.75,2.0181795881125186,33.0,40.2,34.7,40.1,33.0,40.2,50.0,50.0,0.0,50.0,50.0,50.0,50.0,50.0,50.0,1.0,1.0,0.0,1.0,1.0,1.0,1.0,1.0,1.0,0.0,0.0,0.0,0.0,0.0,0.0,0.0,0.0,0.0
2025-08-21 17:27:34+00:00,2025-08-21 17:35:36+00:00,12V IBS Full load 2025-08-20_22-17-18_L005_IBS_only.csv,12V IBS Full load 2025-08-20_22-17-18_L005_IBS_only.csv#0,0,482.0,14.108,14.101258799171841,14.097416666666666,0.0,2.9902028985507245,-15.573,9000.0,9100.0,100.0,0.0,0.4116523611111111,,-0.05291332098002876,0.9622617528534178,14.098892339544513,14.105,0.07460135273011125,12.959,14.11,14.102,14.107,14.1,12.959,2.9902028985507245,3.026,1.3652576551592137,-15.573,3.917,2.6052,3.674,3.913,-15.573,35.5,35.5,0.0,35.5,35.5,35.5,35.5,35.5,35.5,90.72774327122153,91.0,0.29676065829290565,90.0,91.0,90.5,91.0,90.0,91.0,80.0,80.0,0.0,80.0,80.0,80.0,80.0,80.0,80.0,6.129999999999999,6.13,8.89099289226582e-16,6.13,6.13,6.13,6.13,6.13,6.13,40.0,40.0,0.0,40.0,40.0,40.0,40.0,40.0,40.0,40.44430641821946,40.5,0.12146958578148094,40.2,40.6,40.3,40.6,40.2,40.6,50.0,50.0,0.0,50.0,50.0,50.0,50.0,50.0,50.0,1.0,1.0,0.0,1.0,1.0,1.0,1.0,1.0,1.0,0.0,0.0,0.0,0.0,0.0,0.0,0.0,0.0,0.0
2025-08-21 18:09:45+00:00,2025-08-21 18:40:27+00:00,12V IBS Full load 2025-08-20_22-17-18_L005_IBS_only.csv,12V IBS Full load 2025-08-20_22-17-18_L005_IBS_only.csv#1,1,1842.0,14.111,14.044951166576235,14.100188888888887,0.0,14.865007053716768,-15.757,7550.0,9050.0,1500.0,0.0,7.611756944444443,7.427760416666667,-0.05716008110922349,0.9622617528534178,14.044688008681497,14.079,0.0789218115423685,12.98,14.112,13.928,14.105,13.564,12.98,14.865007053716768,8.261,14.103461730218486,-15.757,50.781,2.8738,39.075199999999995,50.69,-15.757,36.34725990233315,36.5,0.3071299513348371,35.5,36.5,36.0,36.5,35.5,36.5,86.83342376559956,88.5,3.9834321034124303,75.5,90.5,80.0,90.5,75.5,90.5,80.0,80.0,0.0,80.0,80.0,80.0,80.0,80.0,80.0,6.13,6.13,0.0,6.13,6.13,6.13,6.13,6.13,6.13,40.0,40.0,0.0,40.0,40.0,40.0,40.0,40.0,40.0,38.51985892566467,39.4,1.993724296574015,32.9,40.4,35.2,40.3,32.9,40.4,50.0,50.0,0.0,50.0,50.0,50.0,50.0,50.0,50.0,1.0,1.0,0.0,1.0,1.0,1.0,1.0,1.0,1.0,0.0,0.0,0.0,0.0,0.0,0.0,0.0,0.0,0.0
2025-08-21 19:10:16+00:00,2025-08-21 19:25:10+00:00,12V IBS Full load 2025-08-20_22-17-18_L005_IBS_only.csv,12V IBS Full load 2025-08-20_22-17-18_L005_IBS_only.csv#2,2,894.0,14.065,13.932150837988827,14.037083333333335,0.0,30.82887932960894,-17.328,8250.0,9800.0,1550.0,0.0,7.672619722222222,8.676470694444443,-0.03372457957658331,0.9622617528534178,13.931137430167599,13.97,0.1214825739249782,13.023,14.066,13.7234,14.047,13.89,13.023,30.82887932960894,29.523,13.80425257228301,-17.328,49.416,13.126800000000001,48.8172,42.536,-16.799,38.42178770949721,38.5,0.5267191302114,37.5,39.0,37.5,39.0,37.5,39.0,91.97262569832402,93.0,4.5161380189080305,82.5,98.0,85.0,97.0,82.5,98.0,80.0,80.0,0.0,80.0,80.0,80.0,80.0,80.0,80.0,7.5243687150838,7.45,0.07984617708789027,7.45,7.61,7.45,7.61,7.61,7.45,40.0,40.0,0.0,40.0,40.0,40.0,40.0,40.0,40.0,41.08748603351955,41.6,2.258664610019416,36.4,44.0,37.5,43.7,36.4,44.0,50.0,50.0,0.0,50.0,50.0,50.0,50.0,50.0,50.0,1.0,1.0,0.0,1.0,1.0,1.0,1.0,1.0,1.0,0.0,0.0,0.0,0.0,0.0,0.0,0.0,0.0,0.0
2025-08-21 19:41:12+00:00,2025-08-21 20:24:56+00:00,12V IBS Full load 2025-08-20_22-17-18_L005_IBS_only.csv,12V IBS Full load 2025-08-20_22-17-18_L005_IBS_only.csv#3,3,2624.0,14.109,14.028163809523809,14.096105555555553,0.0,13.928916952380952,-16.294,3450.0,8450.0,5000.0,0.0,10.162607777777778,8.073202916666666,-0.05184217254211286,0.9622617528534178,14.027776,14.093,0.13876062677389048,12.982,14.11,13.8568,14.106,13.865,12.982,13.928916952380952,5.325,15.877821614664096,-16.294,50.385,2.7694,47.9906,47.96,-15.804,41.6647619047619,42.0,0.425685636054732,40.5,42.0,41.0,42.0,40.5,41.5,64.24628571428572,68.0,17.660101984150383,34.5,84.5,41.5,84.5,34.5,84.5,80.0,80.0,0.0,80.0,80.0,80.0,80.0,80.0,80.0,7.79,7.79,0.0,7.79,7.79,7.79,7.79,7.79,7.79,40.0,40.0,0.0,40.0,40.0,40.0,40.0,40.0,40.0,27.2216,29.2,8.829630368199135,12.4,37.4,15.9,37.3,12.4,37.4,50.0,50.0,0.0,50.0,50.0,50.0,50.0,50.0,50.0,1.0,1.0,0.0,1.0,1.0,1.0,1.0,1.0,1.0,0.0,0.0,0.0,0.0,0.0,0.0,0.0,0.0,0.0
2025-08-21 21:00:22+00:00,2025-08-21 21:12:52+00:00,12V IBS Full load 2025-08-20_22-17-18_L005_IBS_only.csv,12V IBS Full load 2025-08-20_22-17-18_L005_IBS_only.csv#4,4,750.0,14.053,13.944275632490015,14.040961111111114,0.0,30.71922103861518,12.216,7500.0,8750.0,1250.0,0.0,6.399869166666667,7.809166944444444,-0.09482129832239283,0.9622617528534178,13.944945406125168,13.976,0.1007656870278842,13.452,14.054,13.769,14.044,13.452,14.052,30.71922103861518,28.898,12.613817163693026,12.216,50.986,14.807,49.134,48.986,12.226,41.73501997336884,42.0,0.34500043420339715,41.0,42.0,41.0,42.0,41.0,42.0,82.61784287616511,83.5,3.709145616887962,75.0,87.5,77.0,87.0,75.0,87.5,80.0,80.0,0.0,80.0,80.0,80.0,80.0,80.0,80.0,7.790000000000001,7.79,8.887703414050823e-16,7.79,7.79,7.79,7.79,7.79,7.79,40.0,40.0,0.0,40.0,40.0,40.0,40.0,40.0,40.0,36.408388814913444,36.8,1.8540683735921735,32.5,38.9,33.5,38.6,32.5,38.9,50.0,50.0,0.0,50.0,50.0,50.0,50.0,50.0,50.0,1.0,1.0,0.0,1.0,1.0,1.0,1.0,1.0,1.0,0.0,0.0,0.0,0.0,0.0,0.0,0.0,0.0,0.0
2025-08-21 21:12:52+00:00,2025-08-21 21:33:24+00:00,12V IBS Full load 2025-08-20_22-17-18_L006_IBS_only.csv,12V IBS Full load 2025-08-20_22-17-18_L006_IBS_only.csv#0,0,1232.0,14.108,14.094248986212492,14.100022222222222,0.0,4.77574695863747,-16.207,8750.0,9100.0,350.0,0.0,1.6428879166666663,,-0.054041077620698846,0.9785735272006155,14.09340713706407,14.101,0.04387661286851092,13.017,14.11,14.074,14.106,14.055,13.017,4.77574695863747,3.744,2.6158668730664427,-16.207,12.169,2.6702,8.955999999999998,12.169,-15.778,42.0,42.0,0.0,42.0,42.0,42.0,42.0,42.0,42.0,89.58150851581509,90.0,0.8905430244390764,87.5,91.0,88.0,90.5,87.5,91.0,80.0,80.0,0.0,80.0,80.0,80.0,80.0,80.0,80.0,7.79,7.79,0.0,7.79,7.79,7.79,7.79,7.79,7.79,40.0,40.0,0.0,40.0,40.0,40.0,40.0,40.0,40.0,39.8911597729116,40.0,0.43927851998558665,38.9,40.5,39.2,40.4,38.9,40.5,50.0,50.0,0.0,50.0,50.0,50.0,50.0,50.0,50.0,1.0,1.0,0.0,1.0,1.0,1.0,1.0,1.0,1.0,0.0,0.0,0.0,0.0,0.0,0.0,0.0,0.0,0.0
2025-08-21 22:11:28+00:00,2025-08-21 22:45:23+00:00,12V IBS Full load 2025-08-20_22-17-18_L006_IBS_only.csv,12V IBS Full load 2025-08-20_22-17-18_L006_IBS_only.csv#1,1,2035.0,14.109,14.033926326129667,14.095372222222219,0.0,15.283575638506877,-15.743,7400.0,9100.0,1700.0,0.0,8.650032777777778,8.397316388888889,-0.05473551360842838,0.9785735272006155,14.03365373280943,14.08,0.10283072820996635,12.979,14.11,13.8905,14.106,13.522,12.979,15.283575638506877,7.423,15.32502351246701,-15.743,50.544,2.7815000000000003,43.681,48.77,-15.743,42.34356581532416,42.5,0.31655835982455754,41.5,42.5,42.0,42.5,41.5,42.5,86.97126719056975,89.0,4.519494716960413,74.0,91.0,79.5,91.0,74.0,91.0,80.0,80.0,0.0,80.0,80.0,80.0,80.0,80.0,80.0,7.790000000000003,7.79,2.6651898556608227e-15,7.79,7.79,7.79,7.79,7.79,7.79,40.0,40.0,0.0,40.0,40.0,40.0,40.0,40.0,40.0,38.58369351669941,39.6,2.256511040532795,32.1,40.7,34.8,40.5,32.1,40.7,50.0,50.0,0.0,50.0,50.0,50.0,50.0,50.0,50.0,1.0,1.0,0.0,1.0,1.0,1.0,1.0,1.0,1.0,0.0,0.0,0.0,0.0,0.0,0.0,0.0,0.0,0.0
2025-08-21 23:24:28+00:00,2025-08-21 23:58:32+00:00,12V IBS Full load 2025-08-20_22-17-18_L006_IBS_only.csv,12V IBS Full load 2025-08-20_22-17-18_L006_IBS_only.csv#2,2,2044.0,14.109,14.033502689486552,14.100927777777775,0.0,15.585111002444988,-15.695,7400.0,9100.0,1700.0,0.0,8.85525111111111,8.615229027777778,-0.056274434227190154,0.9785735272006155,14.033244498777506,14.078,0.09984330127503144,13.025,14.111,13.892,14.106,13.532,13.025,15.585111002444988,7.805,15.395636569958004,-15.695,50.372,2.8058,44.27200000000001,47.952,-15.695,42.541320293398535,42.5,0.3571730952419132,41.5,43.0,42.0,43.0,41.5,42.5,86.95525672371639,89.0,4.64108871884537,74.0,91.0,79.0,91.0,74.0,91.0,80.0,80.0,0.0,80.0,80.0,80.0,80.0,80.0,80.0,7.638787286063572,7.62,0.0533129100169955,7.62,7.79,7.62,7.79,7.79,7.62,40.0,40.0,0.0,40.0,40.0,40.0,40.0,40.0,40.0,38.57946210268948,39.6,2.3227010189941533,32.0,40.7,34.6,40.6,32.0,40.7,50.0,50.0,0.0,50.0,50.0,50.0,50.0,50.0,50.0,1.0,1.0,0.0,1.0,1.0,1.0,1.0,1.0,1.0,0.0,0.0,0.0,0.0,0.0,0.0,0.0,0.0,0.0
2025-08-22 00:38:28+00:00,2025-08-22 01:04:08+00:00,12V IBS Full load 2025-08-20_22-17-18_L006_IBS_only.csv,12V IBS Full load 2025-08-20_22-17-18_L006_IBS_only.csv#3,3,1540.0,14.104,14.010476314081766,14.101161111111113,0.0,20.034435431537958,3.581,7350.0,9050.0,1700.0,0.0,8.568194861111111,8.762310138888887,0.12607830126078404,0.9785735272006155,14.010864373783258,14.046,0.09797275215596145,13.514,14.105,13.873,14.1,13.514,14.102,20.034435431537958,14.465,15.560844929877838,3.581,51.535,4.286,48.554,51.535,3.592,42.44938351719662,42.5,0.3572549694667105,41.5,43.0,42.0,43.0,41.5,42.5,85.40947436729397,87.0,4.755763535064894,73.5,90.5,77.5,90.0,73.5,90.5,80.0,80.0,0.0,80.0,80.0,80.0,80.0,80.0,80.0,7.620000000000001,7.62,8.884667425188544e-16,7.62,7.62,7.62,7.62,7.62,7.62,40.0,40.0,0.0,40.0,40.0,40.0,40.0,40.0,40.0,37.8073977936405,38.7,2.3816554955428955,31.8,40.3,33.8,40.1,31.8,40.3,50.0,50.0,0.0,50.0,50.0,50.0,50.0,50.0,50.0,1.0,1.0,0.0,1.0,1.0,1.0,1.0,1.0,1.0,0.0,0.0,0.0,0.0,0.0,0.0,0.0,0.0,0.0
2025-10-04 17:33:54+00:00,2025-10-04 17:44:56+00:00,IBS 2025-10-04_13-33-54_L006_IBS_only_cleaned.csv,IBS 2025-10-04_13-33-54_L006_IBS_only_cleaned.csv#0,0,662.0,14.105,14.098280542986425,14.09691111111111,0.0,2.336429864253394,-16.672,6100.0,6200.0,100.0,0.0,0.43860055555555555,,-0.06018324450565906,0.8290893162327572,14.096180995475112,14.1,0.06665209624876747,12.707,14.108,14.097,14.103,14.097,12.707,2.336429864253394,2.333,1.04320706313225,-16.672,3.034,2.013,2.8566000000000003,3.026,-16.672,24.361990950226243,24.5,0.223681676417868,24.0,24.5,24.0,24.5,24.0,24.5,61.44042232277526,61.5,0.3570538260082142,61.0,62.0,61.0,62.0,61.0,62.0,66.0,66.0,0.0,66.0,66.0,66.0,66.0,66.0,66.0,7.3500000000000005,7.35,8.888489961789657e-16,7.35,7.35,7.35,7.35,7.35,7.35,33.0,33.0,0.0,33.0,33.0,33.0,33.0,33.0,33.0,25.821417797888383,25.8,0.13016296588814677,25.6,26.0,25.6,26.0,25.6,26.0,50.0,50.0,0.0,50.0,50.0,50.0,50.0,50.0,50.0,1.0,1.0,0.0,1.0,1.0,1.0,1.0,1.0,1.0,0.0,0.0,0.0,0.0,0.0,0.0,0.0,0.0,0.0
2025-10-04 17:53:11+00:00,2025-10-04 17:54:28+00:00,IBS 2025-10-04_13-33-54_L006_IBS_only_cleaned.csv,IBS 2025-10-04_13-33-54_L006_IBS_only_cleaned.csv#1,1,77.0,14.034,14.017064102564104,14.017064102564104,0.0,19.02705128205128,16.23,5800.0,5900.0,100.0,0.0,0.4033059722222222,1.9446841666666665,0.006209219111765866,0.8290893162327572,14.020474358974361,14.029,0.02922226706538857,13.868,14.035,13.9993,14.034,13.868,14.028,19.02705128205128,17.489,5.545110257115701,16.23,46.744,16.340799999999998,22.914699999999996,46.744,17.673,25.0,25.0,0.0,25.0,25.0,25.0,25.0,25.0,25.0,58.40384615384615,58.5,0.322909785034039,58.0,59.0,58.0,59.0,58.0,59.0,66.0,66.0,0.0,66.0,66.0,66.0,66.0,66.0,66.0,7.350000000000002,7.35,2.681781622052507e-15,7.35,7.35,7.35,7.35,7.35,7.35,33.0,33.0,0.0,33.0,33.0,33.0,33.0,33.0,33.0,24.32051282051282,24.3,0.10364646999580222,24.2,24.5,24.2,24.5,24.2,24.5,50.0,50.0,0.0,50.0,50.0,50.0,50.0,50.0,50.0,1.0,1.0,0.0,1.0,1.0,1.0,1.0,1.0,1.0,0.0,0.0,0.0,0.0,0.0,0.0,0.0,0.0,0.0
2025-10-04 17:54:28+00:00,2025-10-04 18:11:15+00:00,IBS 2025-10-04_13-33-54_L007_IBS_only_cleaned.csv,IBS 2025-10-04_13-33-54_L007_IBS_only_cleaned.csv#0,0,1007.0,14.105,14.082785714285714,14.102244444444446,0.0,6.4189275793650795,2.144,5900.0,6250.0,350.0,0.0,1.7945469444444444,,,0.8274271418930376,14.082841269841271,14.093499999999999,0.022672895313596276,14.027,14.105,14.043,14.102,14.028,14.101,6.4189275793650795,4.2575,4.6673842540856105,2.144,17.671,2.3131,14.541200000000003,17.671,2.149,25.41269841269841,25.5,0.18990788630411545,25.0,25.5,25.0,25.5,25.0,25.5,61.26488095238095,61.5,0.9559705164470677,59.0,62.5,60.0,62.0,59.0,62.5,66.0,66.0,0.0,66.0,66.0,66.0,66.0,66.0,66.0,7.349999999999998,7.35,1.7772386249295645e-15,7.35,7.35,7.35,7.35,7.35,7.35,33.0,33.0,0.0,33.0,33.0,33.0,33.0,33.0,33.0,25.737896825396824,25.9,0.478798086894408,24.5,26.3,25.0,26.2,24.5,26.3,50.0,50.0,0.0,50.0,50.0,50.0,50.0,50.0,50.0,1.0,1.0,0.0,1.0,1.0,1.0,1.0,1.0,1.0,0.0,0.0,0.0,0.0,0.0,0.0,0.0,0.0,0.0
2025-10-04 18:11:15+00:00,2025-10-04 18:14:48+00:00,IBS 2025-10-04_13-33-54_L008_IBS_only_cleaned.csv,IBS 2025-10-04_13-33-54_L008_IBS_only_cleaned.csv#0,0,213.0,14.106,14.094700934579441,14.093205555555556,0.0,1.8184018691588784,-16.739,6250.0,6250.0,0.0,0.0,0.11943583333333335,,-0.06447948223629858,0.826602147385209,14.087920560747664,14.104,0.13972480749241364,12.656,14.107,14.102,14.105,14.099,12.656,1.8184018691588784,2.0380000000000003,1.944011526269531,-16.739,2.169,1.9563,2.1307,2.14,-16.739,25.565420560747665,25.5,0.16900859979692714,25.5,26.0,25.5,26.0,25.5,26.0,62.5,62.5,0.0,62.5,62.5,62.5,62.5,62.5,62.5,66.0,66.0,0.0,66.0,66.0,66.0,66.0,66.0,66.0,7.35,7.35,0.0,7.35,7.35,7.35,7.35,7.35,7.35,33.0,33.0,0.0,33.0,33.0,33.0,33.0,33.0,33.0,26.35046728971963,26.4,0.05011504469076003,26.3,26.4,26.3,26.4,26.3,26.4,50.0,50.0,0.0,50.0,50.0,50.0,50.0,50.0,50.0,1.0,1.0,0.0,1.0,1.0,1.0,1.0,1.0,1.0,0.0,0.0,0.0,0.0,0.0,0.0,0.0,0.0,0.0
2025-10-04 18:26:51+00:00,2025-10-04 18:33:38+00:00,IBS 2025-10-04_13-33-54_L008_IBS_only_cleaned.csv,IBS 2025-10-04_13-33-54_L008_IBS_only_cleaned.csv#1,1,407.0,14.068,14.02654656862745,14.049761111111113,0.0,18.095299019607843,10.812,5700.0,6100.0,400.0,0.0,2.042679027777778,2.8230534722222225,0.017805976258698276,0.826602147385209,14.028098039215687,14.032,0.03315491441633097,13.569,14.068,14.0,14.06,13.569,14.067,18.095299019607843,18.197000000000003,4.769880265089619,10.812,48.329,12.1395,22.6971,47.663,10.812,26.279411764705884,26.5,0.24856867323900064,26.0,26.5,26.0,26.5,26.0,26.5,59.32843137254902,59.5,1.211624892365449,57.0,61.0,57.5,61.0,57.0,61.0,66.0,66.0,0.0,66.0,66.0,66.0,66.0,66.0,66.0,7.349999999999998,7.35,1.7785377571515013e-15,7.35,7.35,7.35,7.35,7.35,7.35,33.0,33.0,0.0,33.0,33.0,33.0,33.0,33.0,33.0,24.762745098039215,24.8,0.5914911101539441,23.7,25.6,23.9,25.5,23.7,25.6,50.0,50.0,0.0,50.0,50.0,50.0,50.0,50.0,50.0,1.0,1.0,0.0,1.0,1.0,1.0,1.0,1.0,1.0,0.0,0.0,0.0,0.0,0.0,0.0,0.0,0.0,0.0
2025-10-04 18:33:38+00:00,2025-10-04 18:50:29+00:00,IBS 2025-10-04_13-33-54_L009_IBS_only_cleaned.csv,IBS 2025-10-04_13-33-54_L009_IBS_only_cleaned.csv#0,0,1011.0,14.109,14.097327075098812,14.105905555555555,0.0,4.142137351778657,2.068,6100.0,6350.0,250.0,0.0,1.1626113888888892,,,0.8275435105458626,14.097365612648222,14.102,0.01046754313428926,14.067,14.11,14.078,14.106,14.067,14.105,4.142137351778657,3.1555,2.2723576078231944,2.068,10.811,2.1892,7.965999999999998,10.811,2.073,26.64278656126482,26.5,0.2259551479377225,26.5,27.0,26.5,27.0,26.5,27.0,62.565711462450594,63.0,0.6359492447407155,61.0,63.5,61.5,63.0,61.0,63.5,66.0,66.0,0.0,66.0,66.0,66.0,66.0,66.0,66.0,7.349999999999998,7.35,1.777235137025931e-15,7.35,7.35,7.35,7.35,7.35,7.35,33.0,33.0,0.0,33.0,33.0,33.0,33.0,33.0,33.0,26.388339920948617,26.5,0.310932376406062,25.6,26.8,25.9,26.7,25.6,26.8,50.0,50.0,0.0,50.0,50.0,50.0,50.0,50.0,50.0,1.0,1.0,0.0,1.0,1.0,1.0,1.0,1.0,1.0,0.0,0.0,0.0,0.0,0.0,0.0,0.0,0.0,0.0
2025-10-04 18:50:29+00:00,2025-10-04 18:52:46+00:00,IBS 2025-10-04_13-33-54_L010_IBS_only_cleaned.csv,IBS 2025-10-04_13-33-54_L010_IBS_only_cleaned.csv#0,0,137.0,14.109,14.096847826086957,14.096847826086957,0.0,1.7731521739130434,-16.271,6350.0,6350.0,0.0,0.0,0.07658347222222223,,-0.07155370633964744,0.8267327599009467,14.08682608695652,14.106,0.1614368382531083,12.724,14.11,14.105,14.108,14.109,12.724,1.7731521739130434,2.0374999999999996,2.167119285727457,-16.271,2.103,1.9977,2.0793,2.085,-15.777,27.0,27.0,0.0,27.0,27.0,27.0,27.0,27.0,27.0,63.5,63.5,0.0,63.5,63.5,63.5,63.5,63.5,63.5,66.0,66.0,0.0,66.0,66.0,66.0,66.0,66.0,66.0,7.350000000000001,7.35,1.782828106148482e-15,7.35,7.35,7.35,7.35,7.35,7.35,33.0,33.0,0.0,33.0,33.0,33.0,33.0,33.0,33.0,26.840579710144933,26.8,0.04928345121254108,26.8,26.9,26.8,26.9,26.8,26.9,50.0,50.0,0.0,50.0,50.0,50.0,50.0,50.0,50.0,1.0,1.0,0.0,1.0,1.0,1.0,1.0,1.0,1.0,0.0,0.0,0.0,0.0,0.0,0.0,0.0,0.0,0.0
2025-10-04 19:12:33+00:00,2025-10-04 19:16:31+00:00,IBS 2025-10-04_13-33-54_L010_IBS_only_cleaned.csv,IBS 2025-10-04_13-33-54_L010_IBS_only_cleaned.csv#1,1,238.0,14.003,13.98039748953975,13.985399999999998,0.0,27.59494560669456,23.213,5500.0,5850.0,350.0,0.0,1.8217633333333334,4.368199583333333,0.011232851486971718,0.8267327599009467,13.982259414225942,13.983,0.016831083229567785,13.799,14.005,13.973,13.9962,13.799,14.005,27.59494560669456,27.586,2.956764095628362,23.213,50.475,24.165,29.9132,50.475,23.213,27.376569037656903,27.5,0.21604530542293318,27.0,27.5,27.0,27.5,27.0,27.5,56.80753138075314,57.0,1.0839672766205721,55.0,58.5,55.5,58.0,55.0,58.5,66.0,66.0,0.0,66.0,66.0,66.0,66.0,66.0,66.0,7.349999999999999,7.35,8.900423848556806e-16,7.35,7.35,7.35,7.35,7.35,7.35,33.0,33.0,0.0,33.0,33.0,33.0,33.0,33.0,33.0,23.50794979079498,23.5,0.5338731767910941,22.6,24.4,22.8,24.2,22.6,24.4,50.0,50.0,0.0,50.0,50.0,50.0,50.0,50.0,50.0,1.0,1.0,0.0,1.0,1.0,1.0,1.0,1.0,1.0,0.0,0.0,0.0,0.0,0.0,0.0,0.0,0.0,0.0
2025-10-04 19:16:31+00:00,2025-10-04 19:33:21+00:00,IBS 2025-10-04_13-33-54_L011_IBS_only_cleaned.csv,IBS 2025-10-04_13-33-54_L011_IBS_only_cleaned.csv#0,0,1010.0,14.105,14.072902571711177,14.102161111111112,0.0,9.381882294757666,3.048,5850.0,6400.0,550.0,0.0,2.631095833333333,,,0.8233420687736943,14.07299505440158,14.083,0.028988167187716105,13.999,14.106,14.026,14.102,14.005,14.104,9.381882294757666,7.169,5.958479660313475,3.048,23.228,3.411,19.233,23.228,3.048,27.927794263105834,28.0,0.17584022114691525,27.5,28.0,27.5,28.0,27.5,28.0,62.09792284866469,62.5,1.4579266568027474,58.5,64.0,60.0,63.5,58.5,64.0,66.0,66.0,0.0,66.0,66.0,66.0,66.0,66.0,66.0,7.349999999999999,7.35,8.886180032062263e-16,7.35,7.35,7.35,7.35,7.35,7.35,33.0,33.0,0.0,33.0,33.0,33.0,33.0,33.0,33.0,26.14797230464886,26.4,0.7240174928309931,24.4,27.0,25.0,26.9,24.4,27.0,50.0,50.0,0.0,50.0,50.0,50.0,50.0,50.0,50.0,1.0,1.0,0.0,1.0,1.0,1.0,1.0,1.0,1.0,0.0,0.0,0.0,0.0,0.0,0.0,0.0,0.0,0.0
2025-10-04 19:33:21+00:00,2025-10-04 19:45:29+00:00,IBS 2025-10-04_13-33-54_L012_IBS_only_cleaned.csv,IBS 2025-10-04_13-33-54_L012_IBS_only_cleaned.csv#0,0,728.0,14.109,14.102642661179697,14.0952,0.0,2.352327846364884,-15.792,6400.0,6500.0,100.0,0.0,0.4880473611111111,,-0.06462414721161662,0.8251232401477395,14.100751714677639,14.105,0.07553410608333555,12.732,14.112,14.103,14.108,14.104,12.732,2.352327846364884,2.358,1.1275538367331985,-15.792,3.054,2.102,2.8602,3.037,-15.792,28.013031550068586,28.0,0.0797161884846645,28.0,28.5,28.0,28.0,28.0,28.5,64.32098765432099,64.5,0.32709361349655236,64.0,65.0,64.0,64.5,64.0,65.0,66.0,66.0,0.0,66.0,66.0,66.0,66.0,66.0,66.0,7.35,7.35,0.0,7.35,7.35,7.35,7.35,7.35,7.35,33.0,33.0,0.0,33.0,33.0,33.0,33.0,33.0,33.0,27.263237311385456,27.3,0.14551330112312855,27.0,27.5,27.1,27.4,27.0,27.5,50.0,50.0,0.0,50.0,50.0,50.0,50.0,50.0,50.0,1.0,1.0,0.0,1.0,1.0,1.0,1.0,1.0,1.0,0.0,0.0,0.0,0.0,0.0,0.0,0.0,0.0,0.0
2025-10-04 20:10:55+00:00,2025-10-04 20:18:52+00:00,IBS 2025-10-04_13-33-54_L013_IBS_only_cleaned.csv,IBS 2025-10-04_13-33-54_L013_IBS_only_cleaned.csv#0,0,477.0,14.034,13.978594142259414,14.014655555555555,0.0,28.254861924686193,17.932,5400.0,6100.0,700.0,0.0,3.74197375,,0.012800499531689014,0.8243244121621183,13.980033472803347,13.981,0.037449545776947375,13.577,14.034,13.938,14.026,13.577,14.034,28.254861924686193,28.268,6.207292116458705,17.932,51.505,19.8539,36.3295,51.505,17.932,28.832635983263597,29.0,0.23619484663895732,28.5,29.0,28.5,29.0,28.5,29.0,57.98221757322176,58.0,2.187777583165443,54.0,61.0,55.0,61.0,54.0,61.0,66.0,66.0,0.0,66.0,66.0,66.0,66.0,66.0,66.0,7.279246861924685,7.25,0.04468686463195833,7.25,7.35,7.25,7.35,7.35,7.25,33.0,33.0,0.0,33.0,33.0,33.0,33.0,33.0,33.0,24.0939330543933,24.2,1.0918915999077663,22.1,25.7,22.5,25.5,22.1,25.7,50.0,50.0,0.0,50.0,50.0,50.0,50.0,50.0,50.0,1.0,1.0,0.0,1.0,1.0,1.0,1.0,1.0,1.0,0.0,0.0,0.0,0.0,0.0,0.0,0.0,0.0,0.0
